season,home_team,away_team,home_off_rtg,home_def_rtg,away_off_rtg,away_def_rtg,home_pace,away_pace,home_rest_days,away_rest_days,home_form_l10,away_form_l10,home_wins
2021-22,LAL,MIA,110.02,106.75,111.13,108.24,100.4,95.12,4,1,0.716,0.684,1
2020-21,PHI,MEM,112.95,109.14,109.62,108.62,98.06,100.99,2,3,0.348,0.649,0
2019-20,BKN,IND,115.98,113.98,110.35,116.26,100.46,101.11,2,2,0.632,0.525,1
2021-22,DAL,LAC,111.83,112.49,115.86,115.04,98.25,99.42,3,1,0.467,0.363,1
2021-22,PHI,MIL,109.03,109.01,115.25,111.74,97.43,99.1,4,3,0.337,0.528,1
2018-19,MIL,NYK,113.7,105.9,112.35,109.69,100.44,98.06,2,3,0.441,0.698,1
2019-20,OKC,TOR,115.73,105.7,111.27,111.25,96.39,97.55,3,2,0.64,0.58,1
2015-16,PHI,MIN,106.74,108.04,117.14,106.08,95.86,98.16,4,2,0.483,0.858,0
2019-20,TOR,SAC,109.65,110.05,108.03,112.29,97.8,101.86,3,1,0.819,0.369,1
2023-24,MEM,ATL,112.43,117.53,112.39,109.76,101.67,99.26,2,2,0.521,0.527,1
2017-18,PHX,LAL,107.3,110.02,110.84,109.62,98.54,98.9,2,2,0.373,0.448,0
2019-20,MIL,MIA,110.98,110.92,107.53,103.83,98.93,96.2,2,3,0.602,0.528,0
2019-20,SAC,LAC,107.35,114.66,115.26,109.28,97.93,97.77,3,3,0.302,0.585,0
2015-16,CHI,DAL,107.31,115.36,110.43,112.63,97.32,96.34,2,4,0.648,0.516,1
2018-19,MIA,PHX,109.39,110.01,117.25,111.12,94.39,100.62,4,2,0.63,0.818,1
2017-18,PHX,GSW,111.41,107.54,114.66,112.02,98.43,101.32,2,1,0.576,0.769,1
2022-23,PHX,SAC,113.24,106.74,113.71,116.36,100.52,100.17,2,3,0.77,0.525,1
2020-21,PHX,ATL,113.16,102.28,108.56,112.87,99.7,101.41,1,2,0.512,0.837,1
2020-21,ATL,TOR,112.26,109.96,106.94,110.98,101.21,97.86,1,2,0.506,0.341,1
2019-20,DAL,PHX,112.1,110.27,116.12,105.74,95.86,99.81,5,2,0.587,0.831,0
2019-20,IND,GSW,112.85,113.95,116.3,111.2,102.15,101.46,3,2,0.482,0.849,0
2020-21,LAC,NOP,112.25,109.46,112.11,112.31,98.3,99.27,3,3,0.657,0.614,1
2021-22,DEN,PHX,108.66,107.67,112.68,106.51,97.52,97.72,2,3,0.614,0.811,0
2019-20,MIN,TOR,109.92,112.33,111.9,112.9,101.35,98.33,3,1,0.481,0.533,1
2017-18,BKN,PHX,113.7,114.87,113.12,110.08,102.35,97.84,2,4,0.448,0.431,0
2014-15,OKC,IND,113.05,114.7,109.62,117.51,99.42,101.86,2,3,0.568,0.652,1
2017-18,NYK,ATL,108.79,106.87,114.5,114.41,93.35,101.01,1,2,0.258,0.425,1
2014-15,DAL,IND,110.68,114.34,112.87,114.26,98.07,101.51,4,3,0.302,0.203,1
2015-16,DAL,CLE,113.52,113.44,110.5,107.62,97.72,99.64,3,5,0.736,0.706,1
2016-17,BOS,DAL,109.78,109.87,109.98,111.88,99.31,97.24,3,4,0.432,0.441,1
2019-20,SAC,ATL,108.81,114.79,106.62,112.71,100.44,101.28,3,1,0.323,0.669,1
2014-15,PHX,BOS,109.93,110.79,113.54,107.84,99.77,96.73,2,3,0.499,0.796,0
2017-18,BKN,LAC,111.26,116.81,111.84,111.61,101.87,99.81,4,2,0.511,0.535,0
2015-16,SAC,BKN,115.2,115.16,106.98,107.63,99.05,97.9,2,3,0.442,0.413,0
2018-19,PHI,MIN,109.92,108.47,108.68,112.72,96.86,100.11,4,3,0.519,0.541,1
2015-16,LAL,BKN,108.61,112.5,111.86,107.72,98.12,98.63,2,4,0.699,0.693,0
2019-20,LAC,BOS,116.69,107.69,110.13,111.02,98.42,94.22,2,2,0.563,0.52,1
2017-18,MIA,LAC,114.34,108.6,112.23,109.69,96.52,98.08,1,1,0.281,0.156,1
2016-17,CHI,IND,113.24,113.47,111.72,112.66,99.87,100.76,4,3,0.525,0.288,0
2017-18,CLE,PHI,106.04,110.15,110.37,108.48,97.97,96.31,2,1,0.711,0.339,0
2020-21,BKN,DAL,113.13,113.8,107.72,112.3,98.88,96.95,3,2,0.496,0.352,1
2023-24,BOS,LAC,116.47,106.91,114.44,113.07,95.75,97.43,3,2,0.528,0.586,1
2015-16,IND,MIN,113.01,112.17,115.01,107.16,98.87,99.42,3,3,0.383,0.855,0
2016-17,DEN,PHI,113.4,110.88,111.54,109.22,98.77,99.33,2,2,0.528,0.328,1
2016-17,SAC,BOS,111.1,113.88,110.05,108.58,97.59,98.62,2,3,0.015,0.456,0
2023-24,MIL,LAC,109.22,111.33,111.09,113.69,99.44,99.71,1,3,0.333,0.665,1
2019-20,MIL,MIN,109.87,109.93,116.22,112.85,99.3,100.04,2,2,0.445,0.692,1
2016-17,TOR,BKN,112.4,113.14,115.64,111.12,96.71,99.56,1,3,0.334,0.807,1
2016-17,CLE,MIN,109.93,110.39,112.21,108.68,97.31,103.31,2,3,0.401,0.433,1
2021-22,IND,BKN,108.41,117.96,110.78,112.62,97.39,100.09,4,3,0.142,0.614,0
2017-18,MEM,NOP,112.49,109.02,112.02,113.73,101.84,100.77,2,2,0.591,0.193,1
2015-16,OKC,BOS,113.53,105.78,111.87,109.04,96.72,96.1,2,5,0.748,0.686,0
2022-23,GSW,SAC,112.43,107.46,112.9,113.32,100.57,100.21,3,3,0.733,0.419,1
2020-21,ATL,MEM,114.74,110.26,117.8,110.41,103.55,99.23,3,3,0.56,0.858,0
2015-16,PHX,MIN,115.88,110.67,115.75,107.87,98.26,99.15,2,3,0.628,0.61,0
2015-16,CLE,PHI,108.81,109.65,106.23,111.88,97.92,98.27,5,2,0.49,0.411,1
2021-22,CHI,OKC,108.75,111.32,110.92,113.38,96.2,99.04,3,3,0.426,0.443,1
2019-20,CHI,DAL,108.39,106.88,111.25,108.81,96.11,98.41,3,3,0.512,0.528,1
2015-16,CHI,SAC,112.44,115.3,116.32,112.45,97.54,101.01,2,2,0.133,0.639,0
2016-17,DAL,LAL,111.45,111.33,111.05,106.74,96.72,95.84,4,2,0.392,0.491,1
2015-16,MIA,PHX,110.5,103.74,113.95,113.35,95.17,99.26,2,2,0.247,0.388,1
2014-15,DAL,NOP,111.23,107.6,110.21,105.7,97.4,100.97,3,2,0.691,0.521,1
2019-20,IND,PHI,112.81,116.52,108.44,115.09,99.71,99.45,4,5,0.657,0.452,1
2015-16,TOR,DAL,112.34,110.23,109.94,110.25,98.83,96.89,2,1,0.38,0.495,0
2014-15,IND,MIN,113.92,116.19,111.71,110.56,101.59,98.82,4,2,0.339,0.345,1
2014-15,IND,BKN,112.43,114.13,113.23,113.59,100.0,99.25,1,3,0.102,0.52,1
2022-23,PHI,TOR,110.3,109.46,109.34,107.07,97.95,96.61,2,2,0.349,0.499,0
2015-16,PHX,SAC,114.68,109.84,118.35,110.08,99.14,101.36,2,2,0.593,0.793,1
2016-17,TOR,DEN,110.69,112.41,112.78,110.29,97.59,96.09,2,2,0.222,0.636,1
2014-15,PHX,CHI,113.24,113.67,110.33,112.08,97.59,98.71,1,4,0.329,0.379,0
2019-20,MIL,IND,115.16,105.94,114.14,114.57,100.68,99.19,4,3,0.537,0.526,1
2017-18,PHI,MIN,112.06,109.71,110.3,109.85,97.02,97.93,3,3,0.254,0.583,0
2014-15,OKC,CHI,117.6,107.61,109.74,113.41,100.46,96.42,2,4,0.633,0.399,1
2019-20,SAC,PHI,110.43,113.63,107.54,113.05,100.8,97.97,1,2,0.21,0.41,1
2019-20,BKN,BOS,111.33,112.2,111.7,109.8,99.29,93.97,4,3,0.548,0.431,0
2018-19,CHI,TOR,105.08,112.51,109.86,111.17,96.8,96.67,3,2,0.326,0.538,1
2014-15,ATL,IND,105.74,113.32,112.15,112.54,101.3,100.87,2,2,0.247,0.591,1
2018-19,BOS,IND,116.28,108.27,109.52,110.68,97.07,99.92,4,3,0.646,0.273,1
2020-21,PHX,LAC,112.01,107.93,112.59,110.14,100.7,98.8,2,3,0.468,0.457,0
2016-17,TOR,LAL,109.91,110.59,110.45,107.82,98.61,97.62,3,3,0.334,0.595,0
2019-20,MIN,NYK,112.17,110.16,108.6,106.33,101.01,95.33,3,2,0.514,0.436,0
2023-24,CLE,BKN,110.36,108.85,111.55,112.73,94.44,100.95,1,3,0.13,0.411,1
2019-20,BKN,IND,109.22,112.31,114.22,111.24,99.82,100.94,3,3,0.472,0.38,1
2015-16,IND,NOP,110.03,113.8,111.93,112.93,98.94,98.51,4,3,0.422,0.608,0
2021-22,OKC,DEN,111.14,109.13,111.05,111.09,98.19,98.28,3,4,0.686,0.75,1
2020-21,DEN,CHI,117.15,113.61,107.12,112.73,99.52,97.97,2,3,0.735,0.384,1
2018-19,DAL,MIN,110.26,110.67,112.52,114.71,95.2,98.89,2,3,0.339,0.429,1
2015-16,PHX,MIA,113.44,110.7,110.46,106.57,99.02,96.09,2,3,0.739,0.384,1
2018-19,TOR,MEM,112.43,111.74,112.86,108.67,99.23,100.61,3,3,0.32,0.403,0
2019-20,SAC,LAL,112.39,110.83,111.08,115.56,99.98,99.54,2,3,0.204,0.437,1
2016-17,BOS,MIN,110.41,106.2,106.77,110.73,97.42,99.84,2,2,0.444,0.412,1
2019-20,CLE,NOP,111.15,106.99,111.35,113.21,97.81,98.74,5,3,0.601,0.014,1
2023-24,PHI,NYK,113.52,109.5,103.59,106.37,99.67,92.98,2,3,0.361,0.351,1
2014-15,IND,LAC,108.94,113.76,108.75,115.42,100.1,99.92,2,4,0.333,0.309,0
2015-16,MIA,MIL,105.15,107.2,109.02,108.24,94.13,98.8,2,3,0.583,0.32,0
2021-22,PHI,LAL,110.95,106.76,111.73,107.82,97.58,99.21,1,2,0.389,0.672,1
2019-20,DEN,MIL,116.2,111.15,112.38,109.68,101.14,99.55,3,1,0.622,0.842,1
2017-18,DAL,TOR,112.83,109.87,106.28,113.68,97.31,100.72,2,1,0.63,0.39,1
2023-24,NYK,MIA,107.3,109.16,110.84,111.01,97.12,95.55,2,3,0.477,0.258,0
2016-17,BOS,GSW,114.35,109.72,113.42,111.72,98.66,98.72,4,2,0.601,0.635,1
2014-15,NOP,TOR,111.16,111.46,110.38,108.93,99.69,98.91,4,2,0.475,0.664,1
2020-21,DEN,LAL,115.66,111.96,111.41,114.64,97.78,99.4,2,2,0.936,0.376,1
2015-16,CHI,BOS,110.03,114.61,110.97,107.62,95.99,96.8,2,3,0.347,0.801,0
2016-17,NYK,PHX,107.58,107.04,114.96,107.35,95.59,99.01,2,3,0.49,0.721,0
2016-17,SAC,GSW,108.47,115.67,116.07,105.59,99.64,98.79,2,2,0.448,0.792,0
2017-18,OKC,MEM,111.85,111.5,110.82,106.65,97.92,100.56,4,4,0.581,0.63,0
2021-22,LAL,BOS,108.69,112.07,112.6,103.9,99.13,98.31,3,3,0.81,0.486,1
2021-22,IND,MIA,112.87,118.05,110.63,109.1,98.26,95.37,2,4,0.485,0.647,0
2014-15,PHI,DAL,114.16,110.28,116.27,110.42,97.31,98.71,2,5,0.573,0.56,0
2015-16,MIL,SAC,114.31,110.38,117.71,112.03,99.34,102.94,3,3,0.482,0.448,0
2014-15,BOS,CLE,114.78,106.54,108.59,108.27,95.66,98.46,2,3,0.897,0.384,1
2020-21,MIL,OKC,116.82,110.16,114.42,108.87,101.16,102.37,4,4,0.651,0.537,1
2021-22,LAL,DAL,112.98,109.09,113.91,116.07,100.45,96.52,2,3,0.32,0.286,1
2018-19,PHI,ATL,109.71,114.79,113.58,112.68,96.92,101.44,2,2,0.218,0.511,0
2017-18,MIA,DAL,108.69,107.65,112.95,111.58,97.78,96.81,4,3,0.645,0.507,0
2019-20,CHI,SAC,114.52,107.86,109.56,114.1,95.9,99.78,4,3,0.426,0.376,1
2019-20,GSW,ATL,117.57,110.61,112.97,112.36,100.15,100.95,2,3,0.596,0.247,1
2020-21,BOS,TOR,112.2,110.02,105.55,108.27,100.27,98.61,1,3,0.546,0.375,1
2023-24,NOP,LAL,112.88,107.21,114.65,107.88,99.11,100.23,3,4,0.13,0.452,1
2014-15,TOR,PHX,112.1,112.82,111.29,107.63,97.89,100.35,1,2,0.604,0.531,0
2017-18,MIL,DEN,109.83,104.96,118.34,109.04,99.59,97.81,2,3,0.665,1.0,0
2020-21,LAC,BOS,114.65,113.32,111.96,109.89,99.22,101.9,4,1,0.498,0.584,0
2021-22,DEN,PHI,112.71,108.77,113.0,109.19,99.09,97.68,4,1,0.772,0.507,1
2023-24,TOR,MIN,109.98,116.94,110.91,111.75,99.24,101.9,2,2,0.478,0.183,0
2019-20,MIL,BKN,111.19,106.36,112.93,111.64,100.39,99.91,5,1,0.763,0.648,1
2017-18,ATL,OKC,113.22,113.14,108.36,111.34,100.51,98.96,3,3,0.655,0.453,0
2018-19,DEN,TOR,113.66,109.98,114.53,115.3,100.5,98.0,2,3,1.0,0.721,1
2023-24,PHX,CLE,110.73,108.98,107.65,108.03,100.92,95.21,3,1,0.334,0.502,1
2014-15,CHI,NOP,106.88,108.78,114.11,109.97,95.51,101.83,2,3,0.21,0.652,1
2020-21,LAC,CLE,110.05,110.03,112.54,105.46,98.88,95.65,3,3,0.439,0.555,1
2015-16,MIA,ATL,104.76,106.88,107.66,116.42,93.34,100.32,4,3,0.435,0.291,1
2022-23,ATL,GSW,110.69,115.51,112.21,108.07,104.85,101.98,4,3,0.738,0.428,0
2014-15,ATL,CHI,109.81,110.13,107.98,110.37,102.17,96.99,4,3,0.302,0.615,0
2020-21,DEN,PHI,114.51,112.03,112.21,110.11,98.37,97.67,4,3,0.662,0.631,1
2022-23,MIA,MIL,108.79,104.32,114.46,105.76,95.08,100.26,2,3,0.73,0.702,0
2018-19,PHX,IND,117.31,110.54,111.47,107.68,99.67,100.64,1,5,0.481,0.522,1
2017-18,GSW,CHI,115.21,109.95,110.0,111.44,101.72,97.21,2,2,0.866,0.705,1
2021-22,LAC,NOP,114.96,112.68,113.99,112.75,99.65,100.21,3,3,0.581,0.719,1
2019-20,OKC,GSW,116.42,109.8,117.51,108.28,96.61,101.1,3,3,0.702,1.0,1
2015-16,DAL,NOP,109.9,115.64,113.9,113.61,96.12,101.51,2,2,0.631,0.5,0
2021-22,ATL,MEM,108.82,109.66,107.78,111.55,102.99,101.71,2,3,0.593,0.514,1
2015-16,PHX,PHI,110.57,110.36,105.66,108.79,98.76,95.89,3,2,0.325,0.626,0
2019-20,CHI,SAC,111.06,112.25,112.9,116.35,95.06,100.64,3,2,0.611,0.705,1
2019-20,PHI,ATL,110.62,111.84,106.97,109.88,99.97,103.4,2,3,0.478,0.455,0
2016-17,LAL,ATL,114.58,109.57,112.52,109.5,99.15,100.33,4,3,0.461,0.689,1
2018-19,IND,CLE,110.31,114.56,110.77,107.27,101.06,96.0,4,4,0.614,0.423,0
2017-18,IND,NYK,110.32,110.13,107.55,109.0,100.76,92.65,3,2,0.315,0.727,1
2014-15,MIN,NYK,114.71,114.28,108.2,108.65,99.73,94.02,2,4,0.691,0.714,1
2023-24,DAL,SAC,110.68,112.46,112.68,113.75,96.99,99.71,4,2,0.44,0.459,0
2014-15,LAL,MIA,113.64,113.0,107.56,109.01,98.19,94.62,3,3,0.654,0.353,1
2018-19,PHX,MIA,115.29,112.6,110.1,108.68,99.44,92.75,3,2,0.544,0.623,1
2014-15,CLE,MIA,111.3,106.88,110.12,111.52,97.63,95.34,3,2,0.517,0.241,1
2023-24,DEN,GSW,110.87,106.96,112.34,107.74,99.9,100.37,3,3,0.691,0.49,1
2019-20,GSW,LAL,119.64,109.88,109.28,113.51,96.8,99.74,3,4,0.84,0.396,1
2020-21,MEM,NYK,113.57,108.74,109.09,105.59,99.37,98.93,2,3,0.56,0.422,0
2018-19,DAL,CLE,109.53,109.51,108.34,110.32,96.24,96.87,2,3,0.471,0.991,1
2019-20,BOS,BKN,110.32,104.5,114.44,114.03,96.59,99.35,1,4,0.46,0.58,1
2019-20,IND,CLE,114.35,112.16,111.19,109.98,101.42,99.15,5,5,0.349,0.651,1
2022-23,CHI,CLE,112.29,114.57,115.08,109.87,96.0,93.36,3,2,0.771,0.752,0
2018-19,CLE,BKN,113.95,105.54,113.23,117.34,97.28,97.01,2,2,0.536,0.343,1
2019-20,OKC,LAL,114.96,110.39,110.98,113.83,96.34,100.02,1,2,0.879,0.539,1
2017-18,DEN,NOP,119.33,105.18,112.22,110.4,96.9,99.18,2,3,0.707,0.375,1
2017-18,LAL,CLE,114.49,109.42,111.21,111.33,97.78,97.96,1,5,0.798,0.27,0
2021-22,BOS,DAL,114.03,105.34,113.93,114.84,98.1,97.13,5,2,0.618,0.601,1
2018-19,NOP,DAL,108.12,113.12,110.82,113.42,101.88,96.54,2,4,0.415,0.383,0
2019-20,NOP,GSW,110.61,111.13,114.33,110.72,97.52,102.72,3,3,0.528,0.964,0
2023-24,CHI,MIN,108.7,108.3,107.66,111.15,95.24,99.44,4,2,0.548,0.562,1
2019-20,TOR,GSW,111.9,111.42,118.29,109.74,97.73,99.33,2,2,0.519,0.635,0
2023-24,MIL,TOR,111.73,108.0,110.78,111.35,97.47,99.0,2,3,0.562,0.572,1
2018-19,CHI,DEN,107.59,115.88,113.35,104.86,97.02,100.87,3,1,0.241,0.758,0
2023-24,PHX,DEN,107.86,109.82,115.23,110.63,99.6,97.15,3,2,0.57,0.809,0
2020-21,PHI,NYK,107.04,114.02,106.21,106.26,98.77,98.9,3,2,0.462,0.512,0
2019-20,MIA,NOP,109.74,105.27,112.8,112.33,93.69,96.18,3,2,0.511,0.479,1
2014-15,MIN,NYK,112.61,109.88,109.89,105.54,101.05,94.33,3,1,0.674,0.525,1
2016-17,NOP,MIN,113.61,113.52,110.83,110.04,102.08,101.31,1,3,0.476,0.297,1
2019-20,DEN,NYK,117.78,112.06,111.65,110.05,101.07,96.18,2,2,0.475,0.322,1
2014-15,LAL,BKN,115.82,111.8,116.48,110.52,98.51,100.05,3,3,0.546,0.579,1
2016-17,MEM,LAL,112.91,110.79,110.63,107.68,100.59,97.37,4,4,0.309,0.401,1
2022-23,MIA,GSW,110.97,106.98,114.55,105.15,94.94,100.15,3,3,0.446,0.71,1
2014-15,LAL,NOP,113.13,108.76,112.6,113.72,98.66,100.27,3,2,0.531,0.619,1
2021-22,CHI,LAL,111.54,106.52,110.5,108.84,95.66,98.71,2,4,0.434,0.552,1
2019-20,OKC,NYK,116.33,107.61,108.89,109.28,97.03,98.32,1,4,0.765,0.268,1
2015-16,LAL,ATL,110.19,107.78,106.95,115.36,97.97,100.66,1,1,0.399,0.497,0
2015-16,IND,SAC,112.05,115.39,113.86,114.09,98.06,102.06,3,5,0.317,0.891,0
2019-20,LAC,MIN,114.33,112.25,114.14,112.35,100.23,100.3,2,2,0.614,0.743,0
2015-16,PHX,ATL,115.53,108.03,109.16,111.62,97.94,102.1,2,3,0.722,0.422,1
2019-20,OKC,LAL,114.54,108.93,110.96,111.37,96.65,98.82,1,1,0.924,0.567,1
2023-24,MIN,NYK,117.52,110.46,107.03,107.76,101.13,95.74,3,3,0.552,0.48,1
2019-20,DEN,LAL,113.39,110.07,114.97,112.19,97.98,98.74,1,5,0.673,0.509,1
2020-21,ATL,SAC,110.76,110.13,112.63,115.84,103.27,103.66,4,2,0.237,0.668,1
2023-24,MIN,PHI,109.48,107.92,110.05,111.26,101.45,97.27,3,1,0.463,0.336,1
2019-20,PHX,IND,111.55,106.33,114.31,111.95,99.16,101.69,3,4,0.895,0.383,1
2023-24,MIL,MEM,112.54,110.36,113.74,110.07,98.91,100.64,2,1,0.708,0.586,0
2021-22,IND,NYK,113.88,119.09,111.52,107.79,96.67,96.06,4,2,0.36,0.6,1
2016-17,GSW,PHI,113.8,109.91,113.22,110.36,99.83,99.25,1,3,0.901,0.52,1
2017-18,IND,GSW,111.77,112.16,112.29,110.0,100.02,102.05,3,2,0.562,0.647,1
2014-15,BKN,MIA,110.8,112.94,109.43,106.87,100.85,95.96,4,2,0.055,0.499,0
2022-23,TOR,PHX,111.93,111.4,111.3,105.21,96.46,100.61,2,2,0.465,0.852,0
2015-16,ATL,MIN,107.98,115.29,111.54,110.56,101.36,98.99,3,1,0.312,0.759,1
2022-23,GSW,CHI,112.96,106.98,109.09,114.02,101.94,96.36,2,4,0.734,0.449,1
2019-20,MIN,IND,113.27,113.56,111.84,114.83,101.25,101.53,1,3,0.731,0.545,1
2014-15,MIN,PHI,113.56,113.17,114.78,111.06,99.7,96.21,3,2,0.514,0.347,0
2023-24,MIL,CLE,111.08,110.7,105.96,105.0,98.52,96.33,4,4,0.335,0.461,1
2017-18,PHX,LAC,109.34,108.81,111.3,112.32,97.79,98.45,5,2,0.764,0.415,1
2018-19,BKN,LAL,107.71,115.64,111.53,112.15,95.64,97.7,2,3,0.429,0.528,0
2014-15,MIN,CHI,111.99,110.13,111.2,109.26,98.68,96.84,1,3,0.801,0.404,1
2018-19,LAL,TOR,112.39,108.08,111.09,110.01,95.94,98.2,2,3,0.656,0.363,1
2021-22,CHI,BKN,110.34,110.03,110.11,113.97,94.6,97.51,3,3,0.48,0.741,1
2019-20,PHI,LAL,110.69,106.68,105.58,112.97,98.34,98.34,3,2,0.633,0.428,1
2018-19,GSW,MEM,117.84,108.06,117.14,110.16,101.07,100.26,5,3,0.43,0.773,0
2022-23,OKC,SAC,114.34,104.96,114.08,113.91,101.76,101.94,2,3,0.655,0.648,1
2018-19,IND,CHI,110.32,111.67,105.39,113.51,101.82,97.38,2,3,0.525,0.252,1
2021-22,CLE,IND,109.18,106.95,109.11,117.21,97.65,99.88,4,4,0.713,0.137,1
2017-18,LAL,GSW,110.19,113.73,110.72,107.81,99.95,100.92,4,2,0.655,0.899,0
2014-15,PHI,NYK,114.74,110.07,109.35,106.32,95.93,94.73,2,4,0.623,0.683,1
2014-15,TOR,MEM,110.03,114.25,114.25,108.23,98.51,103.3,3,2,0.549,0.415,0
2019-20,MIA,BOS,109.56,108.33,111.37,108.94,96.15,95.55,2,4,0.5,0.571,1
2019-20,MIA,DEN,108.17,104.97,111.53,111.4,97.77,99.25,2,2,0.564,0.389,1
2016-17,TOR,MIA,109.83,112.18,110.99,109.79,97.91,95.42,2,1,0.646,0.392,1
2019-20,LAL,NYK,111.7,109.31,110.74,108.26,99.23,96.65,4,2,0.515,0.521,1
2016-17,MIA,DAL,113.64,111.53,110.31,114.46,96.54,97.13,1,2,0.495,0.385,1
2023-24,NOP,PHI,112.64,109.3,112.76,114.24,98.85,98.58,3,2,0.333,0.571,1
2023-24,TOR,CHI,111.86,116.07,110.95,109.69,100.48,97.06,2,2,0.61,0.633,1
2018-19,NOP,MEM,110.35,115.87,108.21,112.34,101.69,99.7,2,2,0.292,0.493,1
2021-22,BOS,ATL,113.81,109.71,109.16,112.09,97.28,102.69,2,3,0.801,0.465,0
2019-20,OKC,NOP,118.45,109.45,112.74,115.3,95.94,98.18,3,4,0.694,0.652,1
2022-23,MEM,SAC,112.42,108.85,112.59,113.93,99.18,101.38,2,5,0.51,0.696,1
2021-22,MIN,BKN,112.07,111.59,111.07,115.7,98.91,98.77,4,2,0.433,0.537,1
2021-22,BKN,PHX,109.34,108.4,115.0,107.38,99.29,98.62,5,2,0.786,0.592,1
2018-19,TOR,ATL,110.85,113.28,112.76,110.34,97.94,102.71,4,3,0.893,0.74,1
2021-22,OKC,MIL,108.51,111.35,110.07,108.56,97.09,97.79,5,1,0.437,0.44,1
2020-21,GSW,LAL,112.26,106.58,112.05,112.09,99.63,99.78,2,1,0.599,0.361,1
2017-18,BOS,GSW,116.17,108.23,116.39,110.13,98.68,100.8,3,1,0.819,0.744,1
2014-15,MIA,PHX,114.9,108.3,111.86,110.43,93.86,101.48,3,2,0.267,0.398,1
2019-20,BKN,IND,111.67,108.37,113.99,113.1,101.12,100.38,3,2,0.635,0.395,1
2014-15,NYK,GSW,109.43,106.2,116.25,103.37,94.57,102.16,2,2,0.523,0.931,0
2018-19,PHX,TOR,117.64,111.48,109.43,113.0,100.01,100.08,4,2,0.682,0.488,1
2020-21,PHX,BKN,110.5,112.28,116.65,112.2,98.89,100.48,5,1,0.513,0.683,0
2019-20,NOP,MIN,110.94,109.6,112.17,113.94,98.25,99.85,3,3,0.496,0.708,1
2021-22,GSW,LAL,115.19,111.65,112.84,108.38,99.54,99.6,2,3,0.526,0.59,1
2020-21,CHI,PHX,110.79,115.65,112.26,109.15,97.58,98.97,3,3,0.406,0.416,0
2015-16,LAC,MIA,109.97,114.58,110.07,109.11,98.9,94.72,3,3,0.481,0.591,0
2014-15,BKN,MIA,112.36,119.1,110.94,107.43,101.11,93.61,3,2,0.482,0.224,1
2022-23,IND,ATL,112.56,112.89,112.67,110.05,101.75,102.0,5,4,0.643,0.512,1
2019-20,MIL,IND,112.01,107.04,109.63,115.36,99.76,100.99,5,1,0.532,0.64,1
2019-20,SAC,DEN,109.65,112.12,113.78,111.1,99.71,98.22,2,2,0.205,0.684,0
2014-15,SAC,PHI,109.2,114.14,115.5,111.22,99.67,96.65,1,2,0.17,0.472,0
2016-17,LAC,SAC,115.62,109.97,109.78,111.72,100.38,99.36,3,2,0.555,0.435,1
2018-19,CLE,MIA,110.97,108.64,112.47,106.38,95.46,92.65,2,4,0.675,0.715,0
2020-21,IND,MEM,111.78,115.82,116.3,108.65,100.35,98.36,2,4,0.347,0.844,0
2019-20,IND,OKC,110.74,119.32,115.86,107.38,100.69,94.59,4,3,0.335,0.61,0
2017-18,DEN,CHI,114.96,108.53,105.63,109.46,96.49,97.29,3,1,0.739,0.409,1
2021-22,IND,NOP,112.5,115.72,114.98,112.29,98.85,98.74,3,3,0.248,0.49,0
2017-18,MIA,LAL,107.96,108.58,110.74,111.9,96.01,99.42,2,1,0.516,0.412,1
2015-16,IND,DEN,110.66,117.39,118.3,109.92,98.53,98.52,3,2,0.47,0.686,0
2014-15,OKC,NYK,112.6,112.82,111.76,108.1,99.27,95.21,2,3,0.359,0.4,0
2020-21,NOP,NYK,112.61,111.44,104.57,106.83,99.52,98.23,3,4,0.887,0.475,1
2015-16,PHI,PHX,108.71,108.94,111.15,107.43,97.83,99.02,3,1,0.51,0.774,1
2014-15,GSW,MIL,116.6,107.69,115.92,109.95,101.99,99.38,4,1,0.658,0.576,1
2020-21,MIA,CLE,108.64,108.32,108.47,106.31,98.46,95.94,2,5,0.385,0.293,1
2020-21,TOR,MIL,109.37,112.78,115.81,106.82,99.15,99.9,3,2,0.317,0.856,0
2023-24,PHX,MIL,106.78,112.28,108.05,110.82,100.14,99.31,3,1,0.465,0.439,1
2020-21,DEN,BOS,110.59,113.04,115.75,107.62,99.34,99.88,2,2,0.527,0.566,0
2016-17,MIL,NYK,115.53,112.08,111.23,107.94,100.35,95.96,1,2,0.563,0.463,0
2020-21,NOP,NYK,113.64,110.9,104.91,106.54,100.32,97.84,1,2,0.535,0.996,1
2019-20,TOR,IND,108.22,111.0,116.18,114.32,96.4,100.27,2,4,0.407,0.326,1
2019-20,CLE,GSW,112.02,110.22,114.6,106.8,98.81,98.32,4,2,0.347,0.581,0
2017-18,DAL,PHI,113.98,110.52,108.23,107.93,96.6,96.15,2,4,0.454,0.67,1
2023-24,LAC,MIL,112.38,113.65,112.38,108.99,97.15,100.99,3,1,0.573,0.405,0
2019-20,BKN,CHI,109.13,107.62,111.6,107.98,97.83,96.54,5,2,0.482,0.542,1
2015-16,LAC,TOR,111.59,112.32,110.72,110.44,98.92,99.66,4,3,0.752,0.409,0
2022-23,CLE,GSW,111.16,106.56,113.92,108.66,95.55,99.21,4,1,0.774,0.512,1
2014-15,MIN,CHI,112.41,111.8,109.79,111.1,99.67,96.27,3,4,0.553,0.5,1
2018-19,NYK,CHI,115.52,107.16,107.69,113.06,95.2,95.87,2,2,0.814,0.62,1
2023-24,MEM,NOP,110.76,112.9,110.19,111.02,99.91,99.12,1,3,0.325,0.324,1
2018-19,TOR,OKC,111.34,113.69,114.62,109.51,98.04,100.94,4,4,0.429,0.583,0
2015-16,CLE,NYK,109.88,109.76,108.58,107.96,97.19,96.16,3,2,0.497,0.352,0
2019-20,MEM,GSW,115.46,108.07,116.08,109.48,102.6,99.92,2,1,0.256,0.783,1
2023-24,TOR,IND,109.66,112.41,109.15,113.34,97.44,101.31,2,3,0.416,0.19,1
2015-16,LAL,DEN,112.3,112.17,116.58,106.99,100.27,96.86,4,2,0.556,0.519,1
2017-18,LAL,PHX,112.31,108.43,113.42,108.52,98.33,98.04,1,4,0.171,0.636,0
2017-18,MIA,CLE,109.95,105.08,108.56,108.47,97.55,97.58,2,5,0.606,0.57,1
2017-18,MEM,IND,113.69,108.8,110.74,113.57,101.1,98.28,3,3,0.881,0.549,0
2018-19,BKN,NOP,111.28,112.56,114.1,114.88,97.39,100.21,2,3,0.368,0.47,0
2021-22,GSW,MIL,117.95,108.7,109.81,107.63,100.32,98.92,2,3,0.446,0.544,1
2021-22,ATL,DAL,110.39,113.93,111.88,115.54,102.3,95.2,1,2,0.587,0.324,0
2023-24,TOR,MIA,109.79,113.21,113.74,114.39,98.75,94.58,3,2,0.51,0.494,1
2019-20,ATL,MEM,108.49,108.5,114.32,110.27,103.94,103.44,1,5,0.194,0.468,1
2020-21,DEN,SAC,113.39,110.69,112.85,114.56,98.8,104.08,2,3,0.611,0.337,1
2018-19,MIN,IND,111.25,112.41,110.25,112.17,100.58,99.82,1,3,0.634,0.571,0
2022-23,OKC,PHX,111.65,106.85,110.56,112.62,100.73,98.97,3,3,0.633,0.704,1
2019-20,TOR,BOS,112.77,111.27,112.1,106.77,99.82,94.49,2,2,0.797,0.482,1
2023-24,GSW,LAL,109.72,107.52,108.28,110.73,98.92,98.49,4,2,0.739,0.465,1
2018-19,LAL,BOS,111.56,112.39,113.5,107.74,98.94,96.25,3,2,0.688,0.654,0
2019-20,MIL,MEM,114.56,107.36,113.9,109.24,100.96,103.63,2,2,0.634,0.507,1
2014-15,PHX,MIN,115.31,108.32,111.99,112.08,99.02,99.94,5,4,0.671,0.56,1
2016-17,CHI,NYK,110.7,107.26,112.25,110.21,98.52,96.21,2,3,0.494,0.762,1
2018-19,MIL,NYK,114.5,106.96,113.88,106.23,99.7,96.81,3,1,0.142,0.674,1
2021-22,ATL,OKC,111.45,111.19,114.43,109.41,102.79,98.3,3,2,0.109,0.499,0
2018-19,DAL,IND,112.36,114.42,110.81,112.68,97.2,101.38,2,2,0.48,0.617,1
2019-20,BKN,DAL,113.92,113.44,113.38,113.01,101.0,99.17,3,3,0.513,0.636,1
2021-22,MIA,IND,112.83,105.84,111.01,116.43,97.3,98.1,2,4,0.812,0.0,1
2018-19,OKC,TOR,112.89,110.18,112.25,113.85,101.37,99.38,2,1,0.54,0.344,1
2018-19,SAC,ATL,113.38,115.72,110.09,104.95,98.07,101.97,2,5,0.427,0.67,0
2022-23,PHI,IND,111.59,108.17,112.11,114.85,96.06,101.1,3,3,0.582,0.381,1
2023-24,CHI,GSW,108.16,107.2,111.74,109.61,96.79,101.94,4,3,0.607,0.898,1
2020-21,LAC,OKC,111.48,112.03,113.46,108.21,99.62,99.94,2,2,0.379,0.907,0
2019-20,PHX,BKN,112.61,105.15,109.84,108.7,99.17,99.23,2,3,0.76,0.41,1
2018-19,MIN,NOP,112.31,115.11,110.23,115.84,99.71,99.09,2,3,0.573,0.442,1
2022-23,IND,PHX,112.62,114.2,114.28,107.28,99.53,101.29,2,4,0.437,0.614,1
2022-23,PHX,GSW,111.35,109.54,115.34,107.22,98.59,100.2,3,1,0.547,0.993,0
2014-15,LAC,TOR,108.92,114.63,112.14,111.51,98.04,98.23,3,4,0.401,0.505,0
2023-24,MEM,MIL,108.2,112.9,112.08,110.73,99.28,100.66,3,3,0.644,0.408,0
2017-18,NOP,DAL,112.27,116.36,115.18,111.11,98.56,98.17,1,3,0.485,0.174,0
2019-20,CLE,BKN,111.34,107.61,109.79,111.56,98.31,99.47,2,2,0.565,0.531,1
2023-24,NYK,LAC,110.48,109.71,108.99,106.66,95.63,97.78,4,2,0.491,0.614,0
2015-16,IND,DAL,110.93,114.0,113.47,113.8,98.39,95.16,2,3,0.331,0.54,0
2020-21,MIA,TOR,108.71,108.86,102.44,114.82,98.47,98.7,4,1,0.407,0.604,1
2019-20,TOR,BOS,111.0,110.32,114.55,104.27,96.81,93.59,5,2,0.291,0.508,0
2014-15,LAC,MIN,111.29,113.21,110.0,108.28,97.18,99.6,2,2,0.524,0.409,0
2021-22,PHX,BOS,118.8,102.88,111.62,109.75,96.59,96.9,4,4,0.51,0.732,1
2016-17,DEN,LAL,113.45,108.58,111.1,113.25,96.86,95.8,3,2,0.407,0.428,1
2023-24,IND,BKN,110.3,109.92,113.16,112.86,101.63,99.21,2,3,0.448,0.797,1
2016-17,DEN,MEM,110.35,108.17,111.0,107.11,96.68,100.14,3,2,0.52,0.303,0
2019-20,MEM,LAC,117.48,112.0,114.34,108.22,102.08,99.38,4,1,0.666,0.416,1
2018-19,TOR,ATL,112.01,112.72,114.43,110.56,99.82,102.63,2,5,0.667,0.717,1
2020-21,CHI,SAC,110.24,111.36,118.47,114.79,97.53,102.02,3,3,0.475,0.396,1
2022-23,BKN,LAL,110.53,113.08,113.64,113.94,99.61,98.01,2,2,0.335,0.449,0
2019-20,DAL,DEN,114.26,108.1,115.83,109.81,96.62,100.07,1,4,0.455,0.608,1
2021-22,ATL,NOP,111.24,111.04,110.67,112.71,99.62,98.55,3,3,0.559,0.752,1
2022-23,MIN,LAL,109.29,113.13,106.99,112.01,100.59,98.31,4,2,0.368,0.451,0
2014-15,MIL,GSW,116.35,107.84,117.02,107.04,98.59,101.14,2,3,0.734,0.791,1
2015-16,DEN,CHI,113.81,111.14,110.59,111.86,96.64,98.89,1,1,0.507,0.262,1
2014-15,NYK,CLE,112.02,107.94,108.19,109.57,92.39,97.73,2,3,0.25,0.67,1
2015-16,LAC,BOS,113.55,108.78,114.64,104.54,97.38,94.52,1,2,0.55,0.443,0
2017-18,MIA,OKC,107.76,105.91,110.29,113.73,97.12,97.6,1,2,0.558,0.455,1
2018-19,NYK,MEM,112.66,105.6,113.11,107.46,96.82,99.44,4,3,0.78,0.461,1
2015-16,MIN,MIL,118.09,107.85,115.1,109.82,100.44,99.74,2,2,0.528,0.49,1
2023-24,BOS,LAC,115.6,105.93,110.97,110.01,96.98,98.18,2,2,0.653,0.563,1
2014-15,PHI,MIL,112.32,107.85,112.44,111.74,97.93,99.34,1,2,0.763,0.613,0
2016-17,LAC,DAL,110.3,110.94,114.29,116.77,101.21,97.2,1,2,0.594,0.502,1
2022-23,MEM,GSW,108.07,112.0,114.04,110.61,100.92,99.96,4,3,0.504,0.451,0
2022-23,CLE,DAL,114.47,106.78,112.52,113.81,90.74,95.99,2,4,0.685,0.66,0
2020-21,ATL,MEM,115.26,111.8,113.44,111.13,103.24,98.32,3,5,0.407,0.33,1
2023-24,CHI,DEN,110.41,108.64,112.03,105.25,96.39,99.52,4,3,0.474,0.567,0
2020-21,LAL,MIA,116.57,115.44,105.31,107.18,98.44,98.54,3,5,0.548,0.347,1
2018-19,IND,DAL,112.91,111.96,109.97,112.06,100.39,97.03,2,2,0.63,0.517,0
2017-18,LAC,GSW,110.96,109.71,113.12,105.88,97.14,100.67,3,2,0.435,0.502,0
2017-18,MIN,OKC,110.81,111.93,108.87,110.13,98.59,98.34,2,1,0.228,0.661,1
2021-22,DEN,PHI,112.07,109.21,109.87,108.54,98.67,95.83,2,2,0.472,0.463,1
2022-23,MIL,CHI,114.4,109.83,107.39,114.5,101.85,96.48,1,5,0.665,0.534,1
2019-20,LAL,MIN,112.48,116.13,117.24,113.83,98.19,100.65,2,2,0.443,0.639,1
2018-19,BKN,LAL,110.26,115.0,110.38,107.17,97.66,96.91,2,2,0.318,0.655,0
2016-17,MEM,DEN,111.73,107.94,117.23,107.33,99.91,95.77,4,2,0.672,0.445,1
2020-21,LAL,OKC,113.3,110.85,113.83,112.52,99.21,101.02,3,1,0.583,0.724,0
2017-18,CHI,MIN,109.63,114.47,115.29,111.13,97.6,98.74,1,4,0.219,0.599,0
2014-15,MIL,DAL,115.71,111.19,107.99,111.98,100.17,96.11,3,2,0.673,0.756,1
2022-23,PHX,IND,113.18,109.82,112.56,115.93,101.34,101.21,1,1,0.724,0.441,1
2015-16,PHI,TOR,109.26,104.97,109.45,109.37,96.79,99.71,3,1,0.416,0.511,1
2020-21,TOR,SAC,107.15,112.79,111.13,113.6,97.69,102.55,1,2,0.672,0.49,0
2022-23,ATL,DEN,114.88,112.42,119.21,113.17,104.02,95.41,2,3,0.6,0.617,0
2019-20,GSW,LAC,116.77,111.44,115.22,108.81,98.99,99.86,2,1,0.547,0.539,1
2018-19,PHX,MEM,113.29,109.12,109.85,109.98,100.08,100.17,2,5,0.79,0.299,1
2021-22,ATL,PHI,107.91,111.4,109.61,111.48,100.77,97.45,5,3,0.592,0.692,1
2019-20,LAL,BOS,106.34,113.94,113.9,107.53,98.23,96.48,2,3,0.401,0.725,0
2017-18,LAL,MIN,114.82,117.08,108.67,111.49,97.73,98.41,3,2,0.421,0.513,1
2021-22,GSW,OKC,112.73,112.3,111.04,111.11,99.36,95.65,3,3,0.66,0.541,0
2021-22,OKC,BKN,109.7,109.92,107.83,114.42,97.88,99.66,3,1,0.411,0.469,1
2014-15,DAL,PHX,114.81,112.22,113.57,110.72,97.16,100.41,3,1,0.352,0.38,0
2019-20,GSW,BKN,118.61,108.39,112.44,114.54,100.47,100.62,3,1,0.586,0.413,1
2015-16,SAC,NYK,114.11,113.78,110.17,109.9,100.82,95.6,2,2,0.256,0.287,1
2019-20,MIA,MIL,106.38,105.16,113.34,110.32,96.61,100.9,3,2,0.263,0.513,1
2017-18,PHX,IND,114.02,110.31,109.13,115.21,99.24,99.03,3,1,0.363,0.486,1
2017-18,MIL,CLE,109.49,110.15,110.53,110.31,98.85,96.79,3,4,0.645,0.337,1
2019-20,NYK,ATL,106.48,108.64,111.94,115.24,97.23,102.37,3,2,0.48,0.488,1
2023-24,TOR,MIL,109.66,113.46,110.42,107.04,99.61,101.36,4,4,0.285,0.632,1
2022-23,BOS,IND,115.11,110.09,111.08,112.19,95.49,101.24,3,3,0.62,0.267,1
2018-19,DEN,CLE,116.36,107.22,109.84,107.18,98.37,97.68,4,4,0.631,0.648,1
2018-19,LAL,NOP,114.03,110.81,108.78,114.83,97.33,102.59,3,3,0.623,0.366,1
2014-15,MEM,NOP,113.43,111.55,114.59,109.82,100.97,102.61,5,1,0.555,0.531,0
2016-17,BOS,LAC,112.36,109.8,107.4,109.95,99.23,101.02,3,4,0.339,0.597,1
2022-23,MIN,NYK,107.17,111.21,112.4,109.12,100.64,96.66,1,3,0.54,0.179,1
2018-19,SAC,ATL,111.76,112.07,110.79,108.05,99.16,102.83,4,2,0.609,0.455,1
2015-16,MIL,NOP,112.64,110.08,113.3,114.24,99.41,100.71,3,3,0.634,0.436,1
2022-23,MIN,TOR,113.49,109.39,111.97,111.1,99.69,95.95,3,3,0.729,0.445,1
2017-18,DAL,CLE,110.78,106.91,113.68,112.72,97.71,97.05,2,3,0.531,0.735,1
2022-23,LAL,LAC,109.07,109.95,105.88,111.51,99.18,99.39,2,2,0.495,0.577,1
2015-16,ATL,OKC,111.2,107.01,113.62,112.75,100.26,97.02,2,1,0.541,0.728,1
2018-19,SAC,CLE,122.09,115.4,111.33,103.44,98.57,98.04,4,3,0.524,0.828,0
2019-20,NYK,LAL,109.79,110.09,106.06,114.98,97.01,100.57,2,2,0.582,0.538,0
2017-18,DAL,PHI,112.51,111.15,110.37,112.3,98.26,94.87,3,4,0.544,0.538,1
2015-16,CHI,BKN,107.84,118.26,111.19,110.73,96.73,99.92,4,3,0.519,0.63,0
2020-21,NYK,SAC,107.65,107.99,115.34,116.33,97.04,102.41,4,2,0.4,0.53,0
2022-23,LAL,IND,108.41,113.92,114.02,115.38,97.59,101.24,2,2,0.802,0.424,1
2019-20,DAL,MEM,111.31,113.75,115.5,108.9,96.9,101.63,2,1,0.401,0.896,0
2022-23,MIA,LAC,112.85,106.12,110.12,111.53,96.22,99.13,3,2,0.653,0.395,1
2015-16,LAL,IND,115.26,110.45,109.03,110.7,98.65,99.05,1,3,0.172,0.555,1
2020-21,LAC,OKC,111.21,110.36,113.13,108.62,99.73,100.29,3,2,0.629,0.659,0
2023-24,MIN,PHI,108.54,109.23,110.92,111.69,100.74,99.78,4,4,0.697,0.385,1
2019-20,NYK,CLE,107.67,105.47,109.34,111.96,96.7,100.3,3,3,0.53,0.521,1
2020-21,IND,BOS,109.54,118.25,115.13,109.82,100.3,99.27,4,4,0.588,0.713,0
2019-20,DEN,NOP,116.27,115.03,115.28,115.29,99.47,98.09,2,2,0.655,0.519,1
2021-22,TOR,ATL,110.4,113.05,110.83,114.83,97.46,102.41,2,3,0.649,0.719,1
2018-19,SAC,GSW,116.79,115.72,115.82,110.29,99.57,100.39,2,2,0.926,0.49,1
2014-15,NYK,LAL,111.62,109.92,113.66,111.48,94.32,98.53,3,2,0.358,0.419,1
2015-16,GSW,MIL,110.8,104.84,113.95,104.19,102.75,97.85,3,1,0.857,1.0,0
2015-16,OKC,SAC,111.62,108.46,114.78,112.48,96.35,101.01,4,4,0.596,0.379,0
2014-15,GSW,MIL,117.9,105.34,114.02,108.77,102.93,99.92,3,2,0.748,0.866,1
2016-17,CLE,BOS,109.04,108.09,110.48,111.47,96.76,98.71,1,2,0.453,0.533,1
2017-18,ATL,LAL,115.44,112.01,112.18,110.57,99.74,99.04,1,3,0.355,0.543,0
2021-22,LAL,TOR,106.33,110.08,109.5,110.53,99.66,98.11,1,2,0.714,0.451,0
2015-16,MIN,GSW,111.24,110.54,114.15,107.61,98.31,101.38,3,5,0.75,0.713,0
2021-22,DAL,DEN,113.64,118.29,114.85,110.54,96.59,97.16,4,3,0.316,0.68,0
2015-16,MIA,OKC,106.82,109.51,112.74,109.36,94.51,98.1,2,3,0.486,0.478,0
2014-15,BKN,PHI,113.79,114.91,113.14,107.79,100.28,97.99,1,4,0.491,0.705,1
2017-18,PHX,MIN,112.61,106.38,109.76,108.69,97.27,98.19,1,3,0.186,0.833,1
2016-17,PHI,BKN,112.57,104.86,110.95,109.35,97.43,97.76,2,3,0.92,0.357,1
2014-15,BKN,PHX,111.51,114.55,113.75,113.3,99.67,100.93,2,4,0.362,0.428,1
2017-18,NOP,NYK,111.14,118.04,111.52,107.58,99.27,93.21,1,3,0.521,0.714,1
2015-16,PHI,TOR,108.14,113.0,111.61,112.59,97.72,97.99,3,2,0.574,0.66,0
2020-21,TOR,MIA,108.94,108.11,110.26,108.47,97.06,96.53,4,3,0.634,0.562,0
2020-21,MIL,IND,114.76,106.53,109.48,111.56,101.2,100.02,3,1,0.712,0.619,1
2014-15,ATL,MIN,108.23,114.02,112.57,110.08,101.24,99.16,3,2,0.548,0.12,0
2021-22,LAL,ATL,108.61,108.36,108.16,114.81,100.09,101.59,3,2,0.437,0.48,1
2019-20,PHI,LAC,112.79,108.17,113.23,110.28,100.41,99.25,3,5,0.292,0.546,0
2015-16,DAL,TOR,114.61,110.35,109.88,113.69,95.66,98.42,3,1,0.305,0.679,1
2016-17,DEN,DAL,112.03,112.8,114.68,113.89,97.53,96.11,4,2,0.723,0.373,0
2018-19,MEM,BKN,113.02,109.46,111.63,115.15,100.63,96.26,1,3,0.693,0.396,1
2014-15,OKC,PHI,112.49,107.17,112.14,108.83,100.4,96.85,3,2,0.823,0.818,1
2019-20,MIL,MEM,113.48,108.93,114.7,111.53,100.31,102.81,2,2,0.608,0.445,1
2019-20,CLE,OKC,109.27,108.02,116.09,105.9,98.71,97.73,1,2,0.574,0.43,0
2019-20,MIN,NYK,114.05,113.75,112.18,110.72,98.01,96.81,4,4,0.387,0.546,0
2019-20,BKN,GSW,112.55,109.99,116.17,112.43,99.93,99.1,3,2,0.333,0.751,0
2023-24,DEN,PHX,111.99,108.55,106.99,113.16,100.6,97.57,2,3,0.415,0.524,1
2014-15,GSW,NOP,116.56,110.46,116.64,111.08,100.87,100.24,3,5,0.718,0.562,1
2019-20,GSW,MIA,117.02,108.59,109.44,108.09,101.1,96.37,2,2,0.491,0.218,1
2014-15,LAL,MIA,113.38,109.94,107.52,110.3,97.97,93.36,3,3,0.552,0.601,1
2016-17,GSW,PHX,120.09,107.01,114.63,106.42,99.54,100.06,1,2,0.895,0.918,1
2014-15,MIA,PHI,108.52,112.48,112.2,108.01,95.96,97.51,1,3,0.524,0.531,0
2016-17,MIA,PHX,110.94,109.98,110.73,105.01,96.42,98.15,2,4,0.729,0.416,1
2021-22,IND,PHX,109.07,117.0,114.7,110.24,98.26,99.22,1,4,0.477,0.912,0
2021-22,PHI,MEM,108.77,110.84,110.15,109.82,96.29,100.58,3,2,0.51,0.371,0
2017-18,CHI,SAC,109.96,111.16,116.58,111.75,97.87,101.36,4,3,0.367,0.749,0
2017-18,TOR,IND,104.57,116.74,110.58,112.04,101.68,99.63,1,2,0.339,0.553,1
2019-20,MIL,ATL,114.21,109.8,111.08,111.63,100.92,103.75,5,1,0.538,0.623,1
2014-15,MIA,NYK,109.87,109.01,108.5,109.0,94.61,94.64,3,2,0.65,0.491,1
2019-20,ATL,MIN,109.94,112.1,119.47,115.18,102.74,100.41,1,4,0.143,0.43,0
2015-16,GSW,MIL,113.98,107.38,111.3,109.06,103.25,100.33,3,3,0.696,0.471,0
2019-20,MIA,TOR,105.22,107.53,112.14,106.87,96.17,99.0,4,2,0.681,0.75,0
2016-17,LAL,MIN,113.71,107.83,111.3,109.96,97.39,100.74,2,3,0.564,0.206,1
2019-20,LAC,DEN,113.6,110.58,116.74,113.13,100.55,100.05,4,4,0.717,0.646,1
2019-20,MIL,PHI,112.38,111.77,113.91,108.17,102.3,97.53,2,2,0.558,0.257,1
2015-16,PHX,MEM,113.17,109.28,111.63,111.45,96.36,99.64,3,2,0.602,0.59,1
2014-15,LAC,MIL,110.01,111.93,113.86,108.51,96.57,99.94,3,4,0.518,0.845,0
2015-16,GSW,SAC,113.07,110.31,118.17,109.92,101.07,100.16,1,1,0.46,0.663,0
2015-16,DEN,MIN,116.27,110.25,113.53,110.1,98.33,99.37,4,2,0.905,0.793,1
2019-20,NOP,IND,110.82,112.63,110.17,117.08,99.19,100.36,2,3,0.559,0.227,1
2019-20,ATL,DAL,107.34,106.81,111.94,112.23,102.09,98.97,1,3,0.399,0.718,0
2020-21,OKC,MIA,115.99,108.45,107.37,108.28,100.07,98.37,2,3,0.716,0.455,1
2017-18,ATL,PHI,113.23,110.88,110.12,111.56,101.91,96.3,2,2,0.406,0.401,1
2018-19,DEN,TOR,111.42,106.01,113.75,111.21,98.09,97.9,1,3,0.56,0.466,0
2020-21,MEM,BOS,118.23,103.01,112.62,106.12,98.93,98.91,1,3,0.511,0.632,1
2019-20,SAC,MIL,113.52,112.8,112.72,108.67,100.98,102.66,5,2,0.156,0.546,1
2014-15,CHI,LAC,107.77,112.8,114.12,112.34,97.56,97.08,2,3,0.341,0.386,1
2019-20,MEM,MIN,111.7,112.99,111.64,115.49,101.58,100.16,1,2,0.733,0.786,1
2022-23,PHI,MEM,110.14,107.72,106.8,108.16,97.26,98.74,3,3,0.728,0.414,1
2016-17,MIL,PHX,119.22,112.94,115.18,103.35,100.92,99.22,3,2,0.698,0.743,0
2022-23,TOR,CHI,110.57,109.02,111.73,111.37,99.08,95.95,3,2,0.624,0.374,0
2019-20,DAL,PHI,112.51,113.55,110.64,112.05,96.83,97.49,2,3,0.685,0.433,1
2014-15,MIN,GSW,110.74,115.09,115.36,110.48,98.24,101.92,3,2,0.48,0.58,0
2023-24,OKC,ATL,108.57,110.25,112.99,111.11,98.52,101.16,2,3,0.353,0.388,1
2017-18,PHX,CHI,110.42,109.39,105.8,111.58,100.52,97.56,3,2,0.803,0.302,1
2022-23,GSW,OKC,114.42,106.96,115.47,104.74,100.65,99.45,3,2,0.664,0.55,1
2014-15,NYK,GSW,109.72,109.01,114.22,106.68,94.01,103.75,3,2,0.708,0.459,0
2014-15,ATL,CLE,109.82,112.45,112.12,108.15,101.57,97.87,3,1,0.655,0.48,0
2021-22,MIA,ATL,110.11,107.46,111.82,110.79,92.65,99.29,2,2,0.846,0.472,1
2023-24,CHI,ATL,108.04,113.74,115.16,112.13,97.47,98.33,3,4,0.445,0.557,0
2018-19,PHI,BOS,107.76,112.94,113.82,110.4,97.65,96.86,5,2,0.365,0.605,1
2014-15,DAL,LAL,111.4,113.06,112.56,109.98,97.8,98.65,1,2,0.661,0.429,0
2017-18,DAL,GSW,112.58,108.67,115.18,105.85,96.08,99.44,5,1,0.462,0.772,0
2018-19,NOP,TOR,110.29,114.36,116.77,113.42,100.31,99.68,2,3,0.252,0.463,0
2014-15,MEM,MIA,115.78,107.77,108.81,111.14,101.62,93.37,1,2,0.457,0.536,1
2015-16,BKN,LAC,112.26,113.35,110.64,110.27,97.72,98.84,2,3,0.239,0.41,1
2020-21,GSW,LAL,116.53,106.91,115.1,114.18,100.87,100.96,2,2,0.686,0.484,1
2014-15,LAL,PHI,112.94,105.71,117.66,109.45,99.23,98.34,3,1,0.401,0.989,1
2017-18,TOR,LAC,105.52,113.68,113.34,106.93,102.05,99.32,3,4,0.549,0.41,0
2023-24,LAC,NYK,113.24,110.65,108.0,107.23,96.66,94.37,3,1,0.492,0.543,1
2016-17,ATL,MEM,111.43,112.1,109.75,107.04,99.14,99.32,2,3,0.263,0.379,1
2023-24,MIN,MIA,110.24,110.11,110.24,112.38,100.1,97.48,3,5,0.53,0.487,1
2021-22,BOS,MIN,109.09,107.41,113.81,113.48,97.74,99.55,1,2,0.895,0.51,0
2023-24,MEM,IND,112.81,109.53,111.45,109.53,100.83,103.4,2,2,0.452,0.435,1
2020-21,TOR,MIL,109.15,112.09,119.18,108.6,100.08,100.82,2,3,0.297,0.967,0
2022-23,PHI,DAL,112.96,109.19,114.74,115.05,97.94,94.31,4,2,0.594,0.566,1
2019-20,PHI,LAL,106.21,112.25,108.96,110.89,99.04,100.67,1,4,0.622,0.538,1
2021-22,PHX,CLE,116.4,106.32,109.91,106.21,98.89,95.03,1,2,0.553,0.566,1
2017-18,MEM,CLE,109.1,109.05,112.68,109.6,100.23,98.37,4,3,0.7,0.372,1
2016-17,DEN,LAC,110.29,110.15,111.16,108.63,96.41,99.21,4,3,0.34,0.548,0
2023-24,PHI,LAC,109.87,108.59,111.36,112.92,98.79,97.68,2,2,0.916,0.371,1
2022-23,ATL,GSW,108.49,114.1,111.26,109.68,103.51,99.44,3,2,0.611,0.722,0
2019-20,NYK,DAL,109.15,112.37,115.8,112.77,96.49,97.42,2,1,0.537,0.49,1
2019-20,MIA,ATL,108.73,107.95,105.86,115.39,96.07,101.95,1,2,0.725,0.612,1
2022-23,DAL,ATL,111.73,113.8,111.92,111.53,96.72,103.92,4,2,0.529,0.329,0
2018-19,NOP,IND,112.25,112.32,110.0,114.25,100.33,99.69,1,5,0.506,0.601,1
2019-20,LAC,MEM,111.14,112.72,114.8,108.13,99.52,102.29,2,2,0.516,0.47,0
2022-23,CHI,IND,108.62,111.17,113.07,115.19,96.0,99.93,3,1,0.187,0.474,1
2019-20,DEN,CHI,116.73,109.38,109.61,110.36,100.61,97.66,4,2,0.546,0.706,1
2015-16,OKC,MIA,110.61,108.54,106.88,108.81,98.17,94.54,4,3,0.513,0.531,1
2018-19,IND,BKN,109.96,114.52,110.15,115.35,101.06,98.05,2,1,0.553,0.33,1
2019-20,LAC,BKN,116.49,111.09,113.54,113.05,98.02,100.28,3,4,0.903,0.483,1
2015-16,TOR,NYK,108.71,113.2,109.55,107.98,98.82,94.48,3,2,0.625,0.717,0
2018-19,DAL,BKN,110.35,112.39,111.78,114.72,96.75,96.99,3,2,0.423,0.393,1
2019-20,MIL,PHX,109.36,108.01,113.35,104.85,102.52,99.38,3,1,0.603,0.538,1
2018-19,BKN,IND,107.11,112.95,114.33,113.4,98.24,101.27,3,1,0.255,0.662,0
2014-15,ATL,PHI,114.24,111.73,116.88,113.28,100.15,96.4,2,2,0.548,0.6,1
2022-23,OKC,PHX,115.86,105.56,113.12,110.29,101.21,99.54,4,1,0.741,0.435,1
2016-17,MEM,MIA,114.01,107.69,109.48,109.17,100.76,95.65,4,3,0.685,0.708,1
2022-23,GSW,NOP,110.32,106.11,109.83,113.55,98.81,96.8,2,2,0.646,0.238,1
2015-16,NOP,DAL,112.22,115.15,113.9,109.05,100.34,95.26,4,1,0.521,0.348,1
2020-21,NYK,CHI,108.83,106.23,108.91,113.55,99.18,96.43,2,2,0.437,0.087,1
2016-17,NYK,SAC,111.38,108.12,111.48,118.04,93.46,98.35,3,3,0.451,0.197,1
2015-16,DAL,BOS,113.9,112.27,110.32,107.07,96.16,95.47,4,2,0.752,0.93,0
2019-20,LAL,LAC,111.79,112.94,111.28,112.49,98.58,99.05,1,4,0.391,0.742,0
2019-20,LAC,NYK,112.79,105.47,106.67,110.29,97.93,95.92,4,2,0.493,0.407,1
2019-20,LAC,BOS,114.87,108.55,112.22,108.94,99.08,96.38,3,3,0.608,0.674,1
2021-22,DAL,PHX,114.22,113.01,115.08,101.66,96.32,99.02,3,3,0.0,0.691,0
2019-20,LAC,DAL,112.35,109.81,111.44,111.94,98.21,95.43,3,2,0.538,0.586,0
2021-22,PHI,LAC,104.79,108.06,112.38,112.04,96.69,97.33,3,2,0.383,0.673,0
2023-24,PHX,GSW,111.07,110.91,114.04,108.13,99.76,97.91,2,3,0.504,0.691,0
2016-17,IND,DEN,111.0,115.65,116.72,109.74,99.37,95.27,4,1,0.439,1.0,0
2022-23,DAL,MIL,109.63,113.39,113.97,106.96,95.08,102.62,4,2,0.536,0.77,1
2014-15,BKN,CLE,113.89,115.13,110.6,109.98,102.05,97.38,3,2,0.376,0.374,1
2016-17,ATL,NYK,109.97,111.7,112.3,111.05,97.26,95.86,2,4,0.501,0.466,0
2017-18,GSW,ATL,114.95,110.43,115.47,112.85,99.12,102.32,5,3,0.556,0.384,0
2020-21,DEN,CLE,115.67,109.65,112.81,104.15,98.76,95.01,3,4,0.686,0.462,0
2014-15,ATL,PHI,111.79,111.71,111.88,113.59,101.15,96.8,2,2,0.369,0.398,1
2015-16,DEN,TOR,114.93,113.28,111.1,110.17,97.88,98.61,3,2,0.693,0.214,1
2017-18,MEM,DAL,108.07,107.14,111.8,112.29,100.32,98.9,2,3,0.651,0.519,1
2015-16,SAC,BKN,116.11,114.67,107.48,113.22,100.09,96.38,3,2,0.586,0.532,1
2019-20,MIN,NYK,113.46,112.33,109.35,107.19,101.07,95.62,4,3,0.722,0.484,0
2017-18,LAL,DEN,113.23,114.97,117.95,107.8,98.84,96.25,1,2,0.449,0.593,1
2023-24,IND,GSW,105.53,110.62,109.42,108.96,102.76,99.67,4,2,0.344,0.449,0
2014-15,MIN,BOS,110.79,113.71,113.92,106.38,99.13,95.21,1,1,0.533,0.734,0
2016-17,BOS,TOR,110.17,107.34,113.52,114.79,97.3,96.78,2,3,0.773,0.473,1
2023-24,PHX,SAC,110.25,107.04,112.21,118.93,99.11,99.75,4,2,0.395,0.396,1
2023-24,NYK,BOS,104.56,110.71,112.11,107.83,95.46,94.35,3,1,0.505,0.283,0
2015-16,CHI,DEN,106.44,112.06,114.06,110.91,95.18,98.03,4,2,0.418,0.681,0
2020-21,NYK,LAL,105.11,106.6,113.29,115.48,97.6,99.66,4,1,0.469,0.675,1
2019-20,PHX,IND,113.73,104.35,117.29,112.4,99.3,101.01,3,1,0.693,0.394,1
2019-20,SAC,BKN,110.73,113.41,111.7,110.79,98.88,99.66,2,4,0.184,0.434,0
2016-17,CLE,CHI,113.03,109.16,111.78,114.58,96.82,97.97,2,5,0.288,0.499,1
2018-19,GSW,CHI,113.84,108.07,109.98,110.84,97.94,97.31,3,3,0.88,0.396,1
2019-20,TOR,PHX,109.78,110.8,115.26,106.18,99.28,98.93,2,2,0.575,0.803,0
2022-23,NYK,GSW,114.93,114.37,112.63,107.89,93.13,99.68,2,1,0.607,0.743,1
2019-20,NOP,CHI,112.55,115.4,115.2,106.21,97.92,95.26,2,3,0.416,0.695,0
2014-15,NYK,GSW,109.11,106.28,115.36,106.61,94.22,102.27,3,4,0.503,0.752,0
2022-23,MIL,MIA,113.95,109.17,109.68,108.47,100.45,96.63,1,2,0.526,0.409,1
2020-21,LAL,NYK,113.58,112.64,106.05,106.98,98.51,99.29,1,2,0.61,0.445,0
2018-19,GSW,IND,117.87,108.98,109.91,113.22,101.26,98.47,3,3,0.76,0.45,1
2023-24,CHI,DEN,109.1,109.1,113.66,110.19,99.76,98.48,4,3,0.237,0.579,0
2018-19,LAC,SAC,106.88,114.87,114.66,111.82,99.46,98.38,3,2,0.401,0.571,0
2016-17,IND,CHI,111.22,115.96,111.06,112.36,98.58,99.94,2,2,0.562,0.226,0
2023-24,IND,MIA,108.46,108.78,110.74,112.74,102.93,95.81,3,5,0.722,0.305,1
2016-17,MIN,LAC,112.33,109.62,113.95,111.07,101.86,100.35,5,2,0.475,0.755,0
2016-17,NYK,DEN,107.63,110.37,113.3,108.67,95.57,96.91,2,3,0.481,0.532,0
2015-16,IND,NOP,110.74,110.1,111.37,112.74,100.89,99.11,4,4,0.466,0.649,1
2023-24,LAC,DEN,108.71,113.08,111.84,108.65,96.19,98.91,2,3,0.303,0.505,0
2021-22,MIN,ATL,113.95,109.35,113.56,108.46,100.56,101.86,2,3,0.64,0.612,1
2018-19,MIL,CHI,113.53,110.56,108.96,113.79,97.76,96.53,3,4,0.85,0.323,1
2019-20,TOR,MIN,110.86,111.54,108.49,110.31,99.23,101.17,2,1,0.565,0.644,1
2015-16,MIL,CHI,115.15,112.79,111.79,113.59,98.72,98.49,1,4,0.491,0.403,0
2019-20,IND,NOP,115.45,115.97,108.52,113.31,102.81,97.44,2,2,0.522,0.823,0
2021-22,CLE,LAL,109.61,109.18,112.17,111.06,96.2,100.31,4,2,1.0,0.703,1
2018-19,CHI,MIN,108.13,111.03,112.47,116.51,97.91,100.04,2,2,0.386,0.227,1
2018-19,MEM,MIN,109.86,109.19,113.97,111.92,98.9,100.93,3,4,0.396,0.284,1
2023-24,GSW,IND,111.4,106.88,111.98,109.07,100.67,103.57,4,2,0.497,0.383,1
2020-21,PHX,NYK,113.69,107.47,108.37,108.67,100.73,98.21,3,3,0.731,0.285,1
2017-18,TOR,MEM,108.74,115.52,112.54,107.55,100.75,101.46,3,3,0.279,0.354,0
2014-15,CHI,PHX,108.8,112.98,109.41,112.73,99.3,101.01,3,2,0.3,0.45,1
2017-18,NOP,DEN,111.46,114.12,113.4,107.65,99.39,97.34,2,3,0.213,0.769,0
2017-18,DAL,MIL,116.28,108.23,112.25,109.33,97.71,100.19,3,1,0.738,0.465,1
2022-23,SAC,NOP,113.98,115.22,106.83,116.0,99.14,99.96,2,3,0.493,0.22,1
2015-16,PHI,LAC,110.2,106.99,108.94,112.54,96.88,97.94,1,2,0.312,0.401,0
2015-16,LAC,LAL,110.68,112.87,107.49,109.89,99.14,98.89,4,3,0.506,0.445,1
2018-19,TOR,DAL,112.94,112.56,109.7,109.85,99.39,98.17,1,2,0.532,0.336,1
2023-24,PHX,MIA,108.82,110.12,113.65,111.67,99.48,96.58,4,3,0.48,0.235,0
2019-20,GSW,PHI,117.34,109.97,113.45,108.72,99.32,99.37,1,2,1.0,0.583,1
2014-15,MIA,CHI,108.58,110.48,110.76,110.62,94.13,96.74,4,1,0.631,0.353,1
2019-20,IND,NOP,111.81,117.68,110.45,113.27,101.27,97.43,1,1,0.352,0.385,0
2018-19,LAC,MIN,111.42,108.6,113.54,110.12,99.19,99.69,3,5,0.5,0.625,0
2016-17,PHX,IND,112.47,101.93,114.19,115.52,100.02,99.88,4,4,0.557,0.452,1
2018-19,SAC,GSW,117.46,112.72,120.2,114.49,100.75,101.96,2,2,0.505,0.438,0
2022-23,LAC,CLE,107.13,110.9,109.9,109.83,97.19,93.89,3,3,0.461,0.618,0
2022-23,PHI,OKC,106.93,105.33,116.88,110.43,97.1,99.02,4,2,0.483,0.746,0
2020-21,NOP,SAC,113.53,109.09,115.91,112.77,99.06,104.07,2,3,0.288,0.468,1
2019-20,NYK,CHI,108.69,111.68,109.39,109.17,96.57,96.18,4,2,0.703,0.487,0
2022-23,MIN,MEM,113.68,108.56,107.75,110.03,99.05,101.43,2,2,0.543,0.597,1
2016-17,OKC,IND,109.41,110.34,109.98,116.04,100.03,99.25,3,4,0.587,0.511,1
2020-21,ATL,LAC,112.58,111.22,112.84,113.3,102.52,98.83,1,3,0.76,0.724,1
2021-22,DAL,GSW,112.6,115.67,117.09,112.35,95.79,101.04,2,3,0.637,0.856,0
2017-18,LAL,MEM,115.6,113.96,109.1,111.93,99.88,99.86,3,2,0.467,0.665,0
2017-18,ATL,NOP,114.36,110.45,111.96,110.47,100.95,100.26,2,5,0.387,0.458,1
2014-15,TOR,MIA,111.11,114.61,109.62,105.79,98.55,96.39,2,1,0.434,0.519,1
2014-15,CHI,IND,112.5,109.58,111.68,113.23,95.3,101.73,2,2,0.607,0.372,1
2019-20,OKC,DEN,118.97,109.8,114.68,112.04,95.84,97.99,3,1,0.69,0.369,1
2020-21,DAL,GSW,110.59,112.0,111.38,107.24,94.08,97.17,3,3,0.521,0.636,0
2015-16,SAC,MIL,118.3,111.57,112.51,114.7,100.04,100.23,3,2,0.633,0.615,1
2021-22,MIN,MEM,114.89,113.32,111.63,112.03,98.95,100.97,3,3,0.382,0.448,0
2017-18,NOP,MIL,112.08,113.64,110.31,110.81,100.91,97.45,2,3,0.436,0.486,0
2023-24,SAC,MIL,113.28,113.28,109.79,109.97,98.29,97.91,2,2,0.483,0.26,1
2017-18,DAL,NYK,109.16,110.44,112.19,112.37,95.3,93.72,2,4,0.555,0.681,1
2019-20,OKC,NYK,111.5,106.69,107.24,108.92,96.39,96.1,2,1,0.815,0.526,1
2021-22,GSW,IND,114.28,110.73,114.2,114.03,101.87,97.18,4,2,0.964,0.294,1
2021-22,BOS,ATL,111.43,107.06,103.5,111.51,97.56,103.4,5,2,0.765,0.31,1
2019-20,BOS,NYK,111.61,110.85,109.25,111.76,94.79,97.29,2,1,0.65,0.603,1
2014-15,NYK,OKC,113.29,107.57,109.16,110.81,94.68,99.14,3,3,0.492,0.576,0
2023-24,LAC,MIA,110.05,113.16,108.77,108.95,98.51,96.69,1,2,0.515,0.559,0
2015-16,LAL,ATL,109.73,112.27,108.64,113.34,99.19,101.84,3,4,0.451,0.356,1
2021-22,OKC,PHX,108.44,109.23,115.03,107.8,98.65,98.03,2,2,0.374,0.665,0
2023-24,NOP,LAL,110.93,111.65,111.69,111.87,99.41,101.15,2,4,0.282,0.362,1
2016-17,PHI,MIA,112.99,108.31,109.86,111.24,98.03,95.16,3,2,0.824,0.519,1
2020-21,MEM,BKN,116.18,111.23,113.11,111.63,101.49,100.83,1,5,0.753,0.648,1
2022-23,MEM,GSW,110.43,108.99,113.64,107.57,100.41,99.01,1,3,0.418,0.739,1
2014-15,IND,PHI,109.78,113.0,109.93,112.71,101.82,96.86,3,2,0.434,0.925,1
2020-21,PHX,LAC,112.5,112.0,111.68,109.53,100.64,98.34,4,1,0.795,0.585,1
2016-17,NOP,OKC,112.97,114.2,114.66,107.92,98.29,97.66,3,2,0.264,0.678,0
2015-16,SAC,ATL,115.51,106.8,108.82,114.12,101.87,103.45,5,3,0.354,0.614,1
2019-20,MIN,GSW,117.05,114.69,119.58,110.37,99.82,100.43,3,4,0.508,0.904,0
2016-17,BOS,MEM,112.68,109.44,111.62,112.58,98.43,100.06,3,3,0.592,0.428,1
2019-20,LAC,BOS,113.61,109.59,111.78,109.57,98.34,95.74,3,2,0.682,0.367,1
2020-21,LAC,OKC,110.06,107.61,113.42,106.83,96.79,100.08,1,3,0.457,0.785,0
2018-19,NOP,CLE,105.36,115.04,113.88,109.33,101.36,95.7,3,2,0.166,0.45,0
2020-21,PHX,MIN,115.45,110.5,107.79,107.89,101.27,102.38,4,3,0.506,0.374,1
2019-20,ATL,LAC,109.7,111.57,110.7,110.67,100.68,99.01,2,3,0.393,0.426,1
2022-23,ATL,NYK,110.93,111.32,115.93,112.67,103.54,96.23,3,3,0.552,0.648,1
2017-18,SAC,CHI,111.07,116.16,104.19,108.59,101.28,99.53,2,3,0.226,0.299,1
2016-17,SAC,CHI,109.87,117.22,112.78,112.33,100.24,99.88,3,1,0.472,0.532,0
2014-15,GSW,BKN,116.84,106.94,111.58,113.03,100.71,101.41,2,3,0.706,0.71,1
2016-17,BOS,BKN,114.68,106.12,105.18,111.41,99.13,100.72,4,2,0.271,0.405,1
2014-15,LAL,NOP,115.23,107.72,114.47,112.22,97.11,99.09,2,2,0.394,0.515,1
2018-19,ATL,IND,116.26,113.24,110.73,111.15,102.8,98.75,2,5,0.527,0.314,1
2021-22,NYK,DAL,111.77,107.09,111.75,115.98,96.0,94.74,1,3,0.7,0.338,1
2019-20,PHX,CLE,115.39,101.13,109.02,112.16,99.37,99.17,2,3,0.936,0.533,1
2018-19,IND,MIL,109.11,114.12,118.37,110.44,99.24,96.85,2,2,0.335,0.548,0
2022-23,SAC,GSW,113.07,114.62,111.82,106.72,100.37,100.06,1,2,0.655,0.496,0
2020-21,GSW,SAC,113.99,105.49,119.82,116.57,100.34,103.45,3,4,0.922,0.39,1
2022-23,TOR,LAC,110.27,110.73,109.77,111.7,98.45,102.23,1,3,0.33,0.376,1
2016-17,BKN,TOR,109.3,115.52,109.99,111.59,99.77,98.4,3,1,0.618,0.389,1
2023-24,NOP,NYK,108.19,110.16,108.17,103.25,99.27,95.96,3,2,0.326,0.361,0
2021-22,BOS,MIN,111.55,106.76,114.58,110.11,97.89,99.24,3,2,0.407,0.317,1
2021-22,BKN,CLE,110.44,109.14,111.47,111.73,98.31,95.53,3,2,0.376,0.597,1
2023-24,MIL,TOR,108.84,110.07,108.93,113.56,99.7,98.46,3,1,0.425,0.203,1
2018-19,IND,GSW,109.76,112.54,111.76,108.72,100.35,99.66,2,1,0.485,0.76,1
2020-21,MEM,GSW,112.43,109.69,110.57,105.03,98.81,99.06,2,3,0.726,0.861,0
2014-15,MEM,NYK,114.17,109.78,107.94,108.9,101.9,95.11,2,3,0.634,0.603,1
2016-17,IND,ATL,108.91,117.03,109.81,113.38,101.26,99.57,2,2,0.239,0.447,0
2019-20,GSW,NOP,116.99,109.86,110.27,117.63,99.89,98.24,4,3,0.885,0.201,1
2017-18,CLE,NOP,109.07,108.19,112.8,111.91,97.68,100.43,3,3,0.324,0.457,0
2022-23,MIN,MEM,115.99,113.66,106.98,109.55,99.24,100.35,5,1,0.559,0.36,1
2017-18,NYK,SAC,108.81,107.7,114.53,114.34,92.01,102.81,3,2,0.519,0.45,1
2019-20,OKC,LAL,114.15,107.72,108.09,110.28,95.78,98.29,2,3,0.752,0.704,1
2016-17,LAC,NOP,112.4,112.35,112.65,115.43,99.88,100.4,3,5,0.492,0.364,1
2016-17,PHX,DAL,117.98,109.24,111.56,114.73,99.99,95.48,1,1,0.763,0.235,0
2020-21,CLE,NOP,115.74,103.93,117.65,107.97,94.07,98.88,3,2,0.673,0.528,0
2021-22,MEM,ATL,113.23,109.96,108.63,108.02,101.05,101.09,1,5,0.254,0.687,1
2019-20,DEN,MEM,116.14,111.62,111.89,109.92,97.76,100.96,3,2,0.589,0.77,1
2019-20,NOP,ATL,109.4,113.69,108.47,110.55,98.35,101.9,3,1,0.255,0.415,1
2019-20,MIL,CHI,114.46,109.84,109.9,108.45,101.52,93.6,4,2,0.393,0.464,0
2022-23,LAL,SAC,110.58,107.44,114.19,113.38,97.22,100.11,1,4,0.17,0.493,1
2020-21,BOS,PHX,110.58,107.89,111.96,108.25,98.85,99.07,1,3,0.616,0.493,1
2020-21,LAC,CHI,112.66,108.86,108.0,112.55,97.05,98.3,3,1,0.458,0.814,1
2016-17,DEN,MIN,114.8,113.05,109.72,113.82,97.51,101.21,3,1,0.719,0.554,1
2017-18,SAC,MEM,113.3,113.68,112.84,108.45,100.82,101.26,3,2,0.422,0.673,0
2015-16,CLE,NYK,107.06,110.85,107.74,111.37,100.63,93.92,2,1,0.78,0.324,0
2014-15,PHX,TOR,109.06,107.71,110.06,108.46,101.45,96.82,4,3,0.424,0.24,1
2020-21,LAL,LAC,111.92,114.07,113.3,109.26,98.78,98.07,1,4,0.793,0.43,0
2016-17,BOS,DEN,110.23,106.53,112.45,108.42,98.7,95.98,4,2,0.754,0.619,1
2018-19,CLE,CHI,108.39,109.48,109.62,110.38,96.33,95.84,4,3,0.579,0.706,1
2016-17,PHI,MIN,113.35,110.46,110.39,114.52,98.91,101.66,1,4,0.433,0.77,1
2014-15,BOS,BKN,111.61,106.38,110.47,113.96,96.57,99.84,2,2,0.737,0.854,0
2014-15,CLE,MIA,110.19,110.68,108.37,110.11,96.9,93.39,2,4,0.605,0.503,1
2016-17,MIN,MIA,112.47,110.76,113.99,112.24,100.33,93.67,3,4,0.769,0.504,1
2021-22,OKC,NOP,111.09,111.0,114.12,108.62,98.88,98.7,2,3,0.666,0.598,0
2015-16,NYK,IND,108.73,112.03,111.39,112.45,95.83,98.77,5,4,0.247,0.451,0
2019-20,BKN,IND,111.97,111.35,115.41,114.32,100.47,103.02,2,2,0.427,0.429,1
2018-19,DAL,MIN,114.11,108.55,110.86,112.02,97.3,101.34,1,3,0.444,0.575,1
2021-22,PHI,DAL,103.89,109.41,112.58,117.6,97.42,95.64,4,2,0.317,0.532,1
2019-20,DEN,IND,114.12,110.67,114.1,115.9,100.08,102.21,3,3,0.433,0.267,1
2016-17,GSW,BOS,116.16,110.31,111.86,108.58,99.24,97.34,2,1,0.729,0.544,0
2021-22,CHI,SAC,108.6,104.97,113.27,117.73,96.95,99.64,3,2,0.702,0.556,1
2018-19,NYK,GSW,113.92,109.26,118.85,112.58,98.98,101.31,3,2,0.693,0.588,1
2018-19,GSW,LAC,115.51,111.89,105.35,111.78,101.89,100.43,3,3,0.696,0.482,1
2019-20,LAL,PHI,108.6,110.49,111.83,111.1,99.08,98.13,4,3,0.238,0.298,0
2020-21,CLE,ATL,116.14,109.99,113.48,113.39,98.35,100.24,3,1,0.634,0.687,1
2014-15,GSW,MIN,114.41,105.85,112.54,109.8,102.35,100.29,2,2,0.501,0.519,1
2014-15,MIN,GSW,112.85,112.8,112.72,109.68,99.47,101.31,2,2,0.406,0.499,1
2017-18,MIL,CHI,113.3,110.09,109.33,112.69,100.9,97.32,3,1,0.703,0.365,1
2021-22,DAL,MIN,114.13,114.99,111.91,111.42,97.25,99.61,3,4,0.184,0.624,0
2018-19,DEN,LAL,115.03,105.78,113.21,112.1,98.98,99.01,4,2,0.742,0.486,1
2016-17,BOS,MIL,109.45,113.14,115.32,113.54,96.79,100.04,1,2,1.0,0.534,0
2022-23,MIN,OKC,114.97,106.93,113.71,102.5,101.1,98.2,1,1,0.668,0.672,0
2018-19,NYK,IND,110.13,111.1,109.79,115.22,99.06,100.39,2,2,0.618,0.655,1
2014-15,TOR,LAL,105.45,112.43,109.55,112.69,99.53,98.3,2,2,0.504,0.415,1
2019-20,LAL,BKN,109.38,112.29,112.95,110.41,101.33,99.98,3,2,0.558,0.607,1
2022-23,LAL,BOS,106.29,111.02,114.32,109.52,98.05,95.45,3,3,0.26,0.749,0
2019-20,NOP,LAC,108.35,112.15,114.56,110.6,96.66,98.8,2,2,0.469,0.663,0
2014-15,PHI,MIN,113.67,107.74,111.12,108.71,96.04,99.73,2,3,0.428,0.501,1
2023-24,BKN,CHI,115.94,111.41,109.67,109.59,98.09,96.83,3,4,0.642,0.453,1
2020-21,OKC,MIA,111.76,109.15,111.42,108.13,98.53,98.6,5,3,0.58,0.593,0
2020-21,IND,PHX,111.75,114.15,112.82,109.88,98.77,99.3,1,5,0.372,0.288,0
2021-22,TOR,BKN,109.93,113.83,112.9,110.89,98.52,96.97,2,2,0.309,0.716,0
2018-19,IND,GSW,110.96,112.69,112.58,108.87,101.31,99.64,1,1,0.532,0.577,1
2015-16,MIN,NOP,114.01,108.33,115.59,112.65,98.7,100.68,2,3,0.661,0.246,1
2018-19,OKC,CHI,114.61,109.49,107.16,112.6,99.97,97.1,3,2,0.684,0.318,1
2018-19,BOS,LAC,112.15,109.22,112.53,112.91,96.65,99.84,2,3,0.448,0.579,0
2019-20,CHI,NOP,111.33,109.51,112.86,112.52,94.54,98.87,3,1,0.388,0.494,1
2019-20,ATL,LAL,110.94,110.91,109.3,114.8,102.82,100.46,2,2,0.499,0.777,1
2015-16,CHI,BKN,108.48,115.71,114.03,110.29,96.97,98.79,3,2,0.494,0.731,0
2014-15,BKN,PHI,112.25,112.1,113.95,108.55,100.5,95.85,3,3,0.322,0.63,1
2014-15,MIN,BKN,112.61,112.8,115.29,114.47,97.8,99.99,1,1,0.763,0.458,0
2018-19,OKC,LAC,115.45,112.06,107.85,110.82,100.36,98.63,2,2,0.391,0.597,1
2022-23,CHI,DAL,110.28,111.3,110.17,114.56,96.33,95.31,2,4,0.439,0.421,0
2019-20,CHI,MIL,110.38,106.41,111.57,110.5,96.32,101.49,3,2,0.429,0.363,1
2017-18,BKN,LAC,112.53,119.28,113.54,111.67,104.39,98.43,4,2,0.091,0.381,1
2017-18,ATL,DEN,111.23,111.5,117.88,109.05,100.38,96.29,1,3,0.614,0.586,0
2021-22,MIA,DEN,108.44,109.5,110.46,107.78,95.46,100.15,3,1,0.617,0.304,0
2019-20,SAC,MIA,112.59,114.87,107.68,104.51,100.21,98.0,3,2,0.1,0.701,1
2020-21,DAL,DEN,108.78,112.38,115.84,109.48,96.76,98.86,2,4,0.917,0.563,0
2016-17,OKC,BKN,109.3,108.91,106.41,111.88,97.99,98.75,3,2,0.471,0.438,1
2016-17,CLE,ATL,111.79,109.92,115.77,112.0,95.95,99.49,2,3,0.232,0.302,0
2017-18,GSW,BKN,117.75,109.31,112.18,118.37,99.76,100.41,3,3,0.692,0.385,1
2019-20,MIN,PHI,114.68,111.38,110.99,109.88,99.97,101.32,1,2,0.455,0.644,1
2018-19,CLE,MIN,113.01,109.41,113.06,112.72,97.79,99.3,2,3,0.361,0.611,1
2015-16,TOR,PHI,108.67,110.28,109.09,108.32,98.21,97.92,2,5,0.629,0.185,1
2017-18,IND,OKC,108.19,112.85,110.09,113.83,100.17,96.27,3,2,0.237,0.446,1
2019-20,DEN,MIA,113.78,112.52,105.87,108.67,100.31,95.62,2,5,0.418,0.649,1
2020-21,SAC,CHI,113.4,113.22,112.15,112.9,102.52,96.69,2,3,0.593,0.416,1
2021-22,MEM,SAC,111.94,110.65,117.3,116.43,100.28,99.48,2,2,0.525,0.219,1
2014-15,TOR,MIN,110.68,113.23,114.03,111.88,97.53,99.84,5,1,0.58,0.45,1
2022-23,MIL,MEM,117.11,103.44,109.16,108.88,99.66,101.33,2,4,0.977,0.653,1
2021-22,MEM,IND,115.02,111.93,110.37,113.43,101.79,98.46,3,1,0.481,0.449,1
2018-19,DEN,TOR,112.36,108.47,111.05,114.42,98.65,100.37,5,4,0.183,0.655,1
2017-18,BKN,OKC,111.51,119.37,110.62,114.26,102.75,97.15,3,2,0.49,0.608,0
2014-15,PHI,DAL,113.44,107.62,110.24,110.99,97.55,98.9,3,2,0.576,0.631,0
2016-17,DEN,IND,114.25,110.05,108.85,113.95,97.89,99.02,4,2,0.598,0.471,1
2020-21,LAL,MEM,114.0,114.97,115.51,106.05,100.41,98.84,2,2,0.615,0.729,0
2018-19,BOS,DAL,112.88,106.66,112.88,111.68,95.62,97.54,3,3,0.468,0.479,1
2019-20,BOS,DEN,115.52,108.34,113.02,107.96,93.82,98.9,1,4,0.277,0.576,0
2018-19,ATL,TOR,115.73,107.44,110.51,110.45,102.58,97.77,2,4,0.519,0.738,1
2016-17,LAL,PHX,109.02,107.73,115.89,108.07,97.26,98.34,2,3,0.349,0.558,0
2019-20,MEM,NYK,111.92,106.24,109.04,109.09,103.38,97.15,4,3,0.507,0.584,1
2022-23,TOR,NYK,112.72,113.35,109.28,111.69,97.33,94.07,3,2,0.721,0.479,1
2022-23,MIA,NOP,111.57,108.41,112.63,114.74,94.13,96.96,3,2,0.9,0.447,1
2015-16,MIN,PHX,112.03,106.37,112.5,109.59,100.64,100.38,2,3,0.829,0.54,1
2019-20,CHI,CLE,109.7,107.68,108.99,110.55,97.71,96.55,5,4,0.571,0.399,1
2014-15,MEM,TOR,114.41,112.53,110.48,109.97,101.92,98.11,1,3,0.71,0.505,0
2021-22,CLE,MEM,110.99,111.66,111.95,115.53,95.89,101.92,2,3,0.534,0.565,1
2014-15,BKN,PHX,111.62,112.97,109.07,114.64,99.98,100.9,3,4,0.45,0.394,1
2023-24,CLE,SAC,110.37,111.03,112.03,116.54,95.61,97.11,3,1,0.421,0.366,1
2015-16,PHI,LAC,110.02,108.5,110.24,111.17,98.65,99.76,3,2,0.691,0.616,0
2017-18,MEM,ATL,110.12,104.77,109.55,111.66,100.66,100.02,2,4,0.818,0.618,1
2016-17,DAL,NOP,111.6,110.59,113.18,113.08,97.52,99.38,2,3,0.497,0.651,0
2014-15,BOS,MIL,113.54,105.56,111.6,108.3,95.95,99.26,3,2,0.905,0.514,1
2014-15,CHI,MIL,107.29,110.9,114.74,110.11,96.79,98.56,2,4,0.532,0.437,0
2014-15,IND,MIN,114.01,109.9,110.88,111.01,103.19,98.47,1,2,0.326,0.464,1
2019-20,MIN,LAL,116.84,113.31,109.31,112.94,100.75,100.21,2,1,0.758,0.509,1
2023-24,OKC,MIA,111.16,103.6,112.01,114.65,100.25,95.33,1,3,0.594,0.535,1
2015-16,NYK,MIA,109.91,110.38,109.31,109.68,95.85,96.44,2,3,0.413,0.286,1
2020-21,DEN,MIA,116.79,108.0,106.94,111.6,99.07,98.04,2,5,0.788,0.288,1
2016-17,LAC,MIL,108.39,113.03,117.95,110.46,100.39,103.12,2,1,0.344,0.875,0
2014-15,BKN,DEN,115.06,111.92,114.92,113.26,101.9,98.38,2,2,0.216,0.209,1
2021-22,MEM,MIN,112.68,113.12,111.9,114.75,101.73,100.12,4,5,0.664,0.131,1
2015-16,GSW,MIA,113.57,111.49,111.72,106.58,101.06,93.76,4,4,0.405,0.562,0
2019-20,OKC,MIL,115.25,112.16,113.01,110.91,96.06,101.58,2,2,0.553,0.515,0
2019-20,PHI,CHI,113.81,111.02,112.95,110.66,98.82,96.75,5,4,0.347,0.388,0
2017-18,SAC,DEN,108.53,110.59,116.97,108.88,100.89,97.01,3,2,0.614,0.73,0
2023-24,DAL,BKN,112.59,112.86,116.56,113.14,96.98,98.68,2,2,0.499,0.39,1
2017-18,MIL,BKN,110.59,108.66,116.98,120.37,97.51,102.4,4,4,0.38,0.333,1
2015-16,NOP,DEN,111.87,113.83,113.25,107.85,98.93,98.7,3,2,0.454,0.46,0
2021-22,CHI,MIN,111.72,106.48,110.98,112.0,96.23,100.18,2,4,0.462,0.55,1
2020-21,CLE,OKC,114.19,108.13,116.14,107.59,96.26,100.49,3,4,0.758,0.634,1
2015-16,CLE,DAL,106.88,110.98,108.42,111.05,99.9,96.16,4,2,0.279,0.56,1
2014-15,LAC,MIA,109.72,110.98,107.14,111.31,98.34,93.79,1,2,0.358,0.315,1
2018-19,BOS,DEN,114.34,108.56,112.24,109.04,99.16,101.05,4,2,0.52,0.779,1
2022-23,GSW,PHI,113.06,109.28,112.75,108.52,100.93,96.16,5,3,0.585,0.397,1
2020-21,NOP,CLE,112.48,110.03,114.48,107.6,98.23,95.64,2,4,0.434,0.577,0
2022-23,DEN,ATL,116.05,114.24,113.33,117.21,95.4,103.46,1,2,0.637,0.563,1
2014-15,BKN,IND,112.83,112.25,114.76,118.67,99.41,102.17,2,2,0.187,0.356,1
2017-18,NYK,MIA,105.19,108.3,108.75,111.17,93.86,95.53,2,2,0.604,0.415,1
2020-21,MIL,BKN,112.24,106.2,115.78,113.87,99.81,100.58,2,3,0.907,0.361,0
2016-17,CLE,ATL,109.74,112.67,109.67,111.16,97.67,99.03,3,1,0.453,0.202,0
2020-21,BOS,LAC,113.95,109.81,109.95,110.66,100.55,97.41,4,3,0.699,0.494,1
2016-17,CLE,ATL,110.83,110.07,111.35,111.49,97.36,100.59,3,3,0.49,0.241,1
2016-17,PHI,PHX,118.16,105.38,116.06,106.34,98.85,97.91,2,3,0.639,0.351,1
2016-17,NYK,ATL,112.11,112.2,109.99,114.35,95.26,99.91,3,3,0.1,0.476,1
2021-22,PHX,PHI,116.43,105.93,107.12,107.85,100.0,96.72,5,1,0.974,0.748,1
2023-24,BKN,GSW,110.09,112.37,113.71,108.2,99.31,98.45,2,2,0.839,0.619,0
2019-20,BKN,BOS,115.92,108.65,112.91,109.13,100.35,97.18,2,2,0.622,0.631,1
2014-15,OKC,LAL,113.26,108.04,112.39,109.51,98.43,99.09,2,5,0.462,0.5,1
2021-22,CLE,MIL,111.65,111.84,113.99,112.18,95.61,97.98,4,2,0.504,0.764,1
2015-16,DEN,LAL,113.6,111.7,111.77,116.46,97.31,99.87,4,3,0.629,0.47,0
2019-20,SAC,CHI,110.01,113.0,110.67,109.59,100.65,97.11,2,3,0.279,0.566,1
2023-24,PHX,DEN,109.41,112.7,110.52,109.88,98.25,98.44,4,1,0.31,0.693,1
2018-19,CHI,NOP,110.69,112.79,109.43,113.64,98.21,101.21,2,2,0.421,0.43,1
2017-18,BOS,PHX,114.76,105.68,111.73,111.55,97.12,97.87,5,1,0.663,0.519,1
2014-15,TOR,BKN,110.98,112.05,114.86,117.3,99.86,101.43,4,2,0.47,0.556,1
2016-17,TOR,PHI,113.03,114.35,115.95,109.2,96.67,97.65,1,4,0.567,0.436,0
2017-18,PHI,MEM,110.59,109.45,110.31,108.01,96.14,99.52,2,2,0.375,0.367,0
2022-23,DAL,ATL,110.88,117.51,108.49,111.85,98.6,104.13,3,2,0.486,0.719,1
2018-19,NYK,MIN,112.8,104.89,111.57,111.13,98.11,99.69,4,3,0.657,0.506,1
2018-19,NOP,IND,112.08,114.0,117.8,109.91,102.07,98.35,2,1,0.417,0.498,1
2019-20,OKC,PHX,116.65,109.83,110.95,105.07,96.65,100.0,2,2,0.687,0.59,1
2019-20,GSW,BKN,117.08,110.56,111.28,110.16,100.09,96.8,1,3,0.698,0.702,1
2014-15,MIN,ATL,110.81,110.54,110.49,111.2,99.21,100.16,4,3,0.566,0.233,1
2014-15,MIA,BOS,109.81,110.33,119.28,104.47,93.3,93.9,3,1,0.366,0.686,0
2014-15,SAC,IND,106.54,117.83,113.0,115.48,100.99,101.92,3,2,0.425,0.094,0
2018-19,DAL,TOR,110.96,109.85,108.47,112.45,96.4,97.62,1,4,0.585,0.43,0
2023-24,PHX,NYK,109.28,109.56,105.74,110.86,99.86,96.03,2,1,0.172,0.391,0
2014-15,ATL,TOR,110.82,112.49,112.83,111.33,102.0,96.64,1,2,0.565,0.569,0
2023-24,MIN,CHI,111.21,113.8,113.44,112.03,101.09,98.82,2,3,0.497,0.341,0
2022-23,MIL,SAC,115.86,110.99,110.62,118.28,99.46,98.76,3,2,0.733,0.445,1
2021-22,BKN,OKC,113.14,114.57,111.94,103.5,97.52,97.72,4,1,0.325,0.713,0
2019-20,MIA,CLE,107.76,104.94,109.65,104.26,94.64,97.96,2,1,0.307,0.551,1
2017-18,ATL,TOR,112.92,110.5,108.02,112.94,101.93,99.88,4,1,0.53,0.062,1
2021-22,MIL,LAC,112.21,108.2,112.44,108.83,98.95,99.54,3,4,0.5,0.608,1
2022-23,MEM,LAL,107.19,111.2,107.56,112.48,101.36,97.52,2,5,0.41,0.54,1
2014-15,DEN,PHI,114.13,110.4,114.06,108.89,96.87,96.23,5,3,0.72,0.576,1
2015-16,DEN,NYK,113.92,113.53,107.75,112.11,99.08,95.33,3,3,0.823,0.33,1
2019-20,MIN,MEM,111.51,111.05,111.52,109.97,100.26,103.06,3,3,0.588,0.458,0
2019-20,BKN,PHX,111.75,112.63,113.76,103.25,98.76,100.42,3,2,0.574,0.637,0
2022-23,SAC,MIL,109.95,112.8,115.01,111.29,100.51,100.18,3,2,0.522,0.772,0
2023-24,OKC,NOP,112.43,103.45,112.2,111.15,100.82,98.73,1,2,0.598,0.605,1
2021-22,MEM,BOS,109.06,113.09,109.58,109.09,101.93,96.82,3,3,0.833,0.513,0
2019-20,MIA,NYK,106.92,106.36,111.71,109.93,95.29,95.02,4,2,0.261,0.236,0
2022-23,NOP,GSW,107.76,110.91,110.88,106.03,98.21,101.57,2,2,0.433,0.621,1
2019-20,LAL,MEM,115.16,114.54,111.1,110.26,98.65,103.04,5,2,0.459,0.762,1
2023-24,PHI,BKN,111.82,109.12,115.87,114.36,98.58,99.37,2,2,0.552,0.631,1
2019-20,NYK,DEN,108.81,112.45,116.18,110.43,96.97,99.75,3,3,0.532,0.575,0
2019-20,LAL,BOS,110.46,115.28,111.96,107.23,100.23,94.75,3,2,0.596,0.674,0
2019-20,NOP,TOR,110.17,115.58,113.07,109.03,100.19,98.23,2,4,0.674,0.807,0
2015-16,GSW,SAC,115.59,108.46,116.27,113.69,100.79,100.96,2,3,0.653,0.661,1
2022-23,MIN,BKN,111.81,109.37,110.83,115.96,101.05,99.02,4,3,0.687,0.488,1
2019-20,NOP,MIA,111.2,113.81,105.43,112.72,98.02,96.41,2,1,0.452,0.493,1
2020-21,DEN,ATL,118.93,112.08,113.28,108.49,97.98,103.97,5,4,0.804,0.68,1
2022-23,LAC,TOR,111.57,109.87,110.16,109.21,99.77,97.54,3,2,0.256,0.424,1
2020-21,MEM,PHI,111.18,109.58,111.89,108.59,98.9,98.99,1,3,0.663,0.646,1
2017-18,NYK,CLE,108.04,109.15,110.78,109.79,92.1,99.19,2,2,0.452,0.485,0
2016-17,NYK,NOP,109.05,107.06,113.33,117.41,96.06,99.66,5,4,0.517,0.5,0
2019-20,BKN,MIN,110.3,112.68,114.34,109.83,98.4,99.81,3,3,0.459,0.467,0
2019-20,MIL,PHI,113.4,109.83,110.63,109.01,100.16,98.31,2,2,0.543,0.506,1
2021-22,BKN,NYK,111.07,113.5,114.97,113.92,98.62,95.76,1,3,0.363,0.648,1
2014-15,CHI,OKC,110.07,106.03,111.66,108.68,97.4,101.15,3,2,0.601,0.759,1
2023-24,PHX,MIA,110.49,111.17,111.46,111.58,98.73,97.62,2,2,0.518,0.232,1
2019-20,NOP,SAC,110.55,112.74,106.62,118.73,98.38,100.93,1,2,0.738,0.076,1
2019-20,NOP,LAC,110.01,110.94,112.84,105.01,97.99,99.39,2,5,0.362,0.543,1
2019-20,BKN,DAL,117.35,113.2,116.28,115.78,100.07,98.85,2,1,0.574,0.279,0
2016-17,NYK,PHI,110.15,107.71,114.18,109.54,95.4,97.6,4,3,0.561,0.468,0
2017-18,BOS,OKC,114.02,107.04,108.32,110.38,96.37,97.32,3,3,0.711,0.425,1
2016-17,BKN,SAC,108.53,109.28,113.48,115.92,99.18,100.95,3,3,0.557,0.421,1
2019-20,PHX,MIN,116.84,107.59,112.55,111.09,97.66,99.85,3,5,0.837,0.752,1
2019-20,DAL,PHI,114.06,110.18,109.47,110.48,97.53,98.71,2,1,0.652,0.491,1
2019-20,MIA,LAL,113.06,108.0,109.49,110.74,97.74,98.28,1,2,0.465,0.194,1
2023-24,MEM,BOS,114.2,110.16,113.66,109.56,101.18,92.76,2,3,0.467,0.637,0
2020-21,NYK,BOS,106.44,108.07,114.96,105.92,99.09,100.27,3,1,0.261,0.698,0
2019-20,LAL,BOS,107.83,113.18,110.61,108.07,100.43,95.66,2,3,0.153,0.677,0
2019-20,MIL,BOS,112.59,111.53,111.39,108.54,100.58,96.0,3,3,0.908,0.749,0
2019-20,MIL,IND,112.35,109.55,111.79,111.27,102.04,102.82,2,5,0.64,0.303,1
2021-22,BOS,CHI,111.18,109.54,111.89,106.69,97.28,95.61,2,2,0.522,0.698,0
2019-20,IND,MEM,112.0,115.7,112.59,105.93,100.43,102.34,1,2,0.119,0.56,0
2020-21,MIA,NYK,108.62,106.94,107.04,107.87,97.72,97.9,3,2,0.871,0.457,1
2019-20,BOS,IND,113.35,106.68,111.05,113.48,94.56,98.91,3,3,0.647,0.663,1
2019-20,CLE,BOS,109.72,109.44,111.96,111.14,98.28,94.89,2,1,0.598,0.68,0
2020-21,MIA,SAC,109.11,107.58,120.73,114.02,98.02,101.31,3,3,0.39,0.589,0
2019-20,NOP,BOS,111.6,113.38,112.65,108.9,99.4,95.6,2,3,0.564,0.35,0
2018-19,DEN,DAL,110.83,109.53,111.26,111.32,99.23,95.4,2,2,0.599,0.338,1
2017-18,NOP,OKC,112.23,112.89,111.97,109.83,98.15,97.15,3,2,0.247,0.486,0
2020-21,LAC,DAL,111.11,113.21,111.39,113.23,98.08,93.32,2,1,0.598,0.192,0
2019-20,BKN,OKC,112.37,113.19,118.13,109.11,100.68,96.25,2,2,0.338,0.655,0
2015-16,CHI,TOR,110.38,110.24,112.79,110.3,98.46,96.25,2,2,0.425,0.515,1
2021-22,MIN,CLE,110.47,111.89,113.98,109.88,98.54,95.69,3,3,0.052,0.582,0
2019-20,SAC,DAL,109.0,115.19,111.81,114.73,100.38,96.35,3,2,0.28,0.467,1
2023-24,NOP,LAL,110.36,112.88,114.15,114.8,100.18,100.17,4,2,0.431,0.471,0
2021-22,OKC,DEN,110.68,110.25,111.19,107.23,95.65,98.01,2,3,0.501,0.625,1
2017-18,IND,CLE,113.02,112.3,110.58,109.9,98.52,98.12,3,1,0.24,0.521,1
2019-20,NOP,LAC,113.85,110.56,113.67,109.18,98.59,98.7,3,3,0.56,0.622,1
2021-22,MIN,MIL,111.89,110.35,111.82,113.44,99.96,98.9,3,2,0.433,0.582,1
2015-16,IND,GSW,110.33,114.08,114.05,103.79,99.44,101.65,4,1,0.206,0.857,0
2023-24,CHI,MIL,109.24,109.33,110.1,109.47,97.0,97.02,2,2,0.378,0.386,0
2022-23,IND,BKN,110.6,114.27,109.84,112.16,100.12,99.49,3,1,0.527,0.21,1
2022-23,BOS,MEM,115.24,107.27,106.66,111.68,95.79,98.72,2,2,0.648,0.727,1
2018-19,MEM,DEN,112.49,106.86,115.97,110.18,98.91,99.73,3,3,0.646,0.556,0
2022-23,PHI,DEN,111.79,113.3,112.05,111.11,98.29,95.24,2,2,0.42,0.345,1
2015-16,MIA,DAL,107.93,107.0,112.59,111.76,94.51,95.43,1,2,0.566,0.458,1
2019-20,OKC,IND,115.19,106.33,110.68,113.73,97.59,101.76,2,3,0.66,0.551,1
2021-22,OKC,MEM,109.96,111.51,111.02,108.61,97.02,102.46,2,3,0.477,0.406,1
2015-16,GSW,CLE,115.18,106.06,110.0,107.84,101.88,99.95,2,3,0.704,0.54,1
2019-20,SAC,NOP,108.96,112.27,113.31,113.11,100.21,99.64,3,4,0.232,0.483,1
2021-22,LAC,DAL,116.21,111.14,113.62,115.17,100.9,94.78,2,2,0.174,0.383,1
2023-24,MIA,PHX,113.42,112.05,109.39,107.74,95.29,100.23,3,3,0.488,0.768,0
2021-22,LAC,NOP,115.88,109.13,113.87,109.95,99.31,100.22,4,4,0.427,0.459,1
2019-20,MEM,BKN,111.35,111.91,111.68,114.56,102.61,100.47,2,3,0.668,0.81,1
2019-20,SAC,MEM,110.15,114.45,114.36,111.04,99.08,102.84,2,2,0.558,0.503,0
2021-22,ATL,SAC,106.7,113.21,113.67,117.36,101.91,98.15,3,3,0.284,0.454,1
2020-21,MEM,ATL,114.12,109.42,111.31,112.34,99.43,100.15,3,2,0.732,0.308,1
2019-20,DAL,NOP,111.29,110.49,112.35,111.66,96.35,99.21,1,3,0.68,0.416,1
2019-20,LAC,NOP,111.71,109.28,112.49,115.28,99.87,100.1,3,5,0.686,0.335,1
2015-16,IND,MIL,107.11,112.05,111.83,109.93,100.09,100.35,4,2,0.433,0.572,0
2022-23,TOR,SAC,112.21,114.13,112.47,112.42,97.53,98.83,2,2,0.742,0.476,0
2019-20,DEN,NOP,114.79,110.29,111.65,113.25,98.38,98.64,2,2,0.459,0.425,0
2015-16,SAC,MIL,118.81,113.37,111.26,110.23,99.67,99.1,2,4,0.662,0.846,1
2015-16,BKN,NOP,110.38,110.78,112.99,111.21,97.39,99.62,1,4,0.402,0.317,1
2016-17,PHX,NOP,109.72,106.08,111.39,115.68,102.01,100.34,2,2,0.44,0.547,1
2022-23,NOP,OKC,110.28,116.55,113.88,105.9,97.72,99.69,3,1,0.423,0.548,0
2017-18,LAL,GSW,112.36,114.37,112.47,106.11,98.75,103.04,2,3,0.548,0.614,0
2016-17,TOR,MEM,108.14,111.78,114.47,108.93,98.6,100.11,3,4,0.416,0.395,1
2019-20,BOS,MEM,113.04,106.32,110.39,109.1,96.35,102.37,1,2,0.725,0.373,0
2021-22,TOR,CHI,110.96,113.14,109.06,108.9,98.15,97.17,4,2,0.701,0.549,1
2021-22,PHX,PHI,115.08,107.41,109.07,109.99,98.92,97.39,5,3,0.705,0.376,1
2019-20,PHX,PHI,112.44,105.2,111.83,115.14,100.19,99.82,1,2,0.701,0.507,1
2016-17,BOS,ATL,113.69,110.65,111.41,108.77,97.71,98.42,4,2,0.565,0.54,1
2019-20,DEN,ATL,114.1,112.44,111.76,111.26,99.99,102.91,3,2,0.77,0.611,1
2019-20,ATL,MEM,112.85,113.35,115.95,108.88,102.87,104.02,4,2,0.082,0.586,0
2015-16,DAL,TOR,116.93,108.97,110.72,112.3,96.15,98.46,3,3,0.395,0.493,1
2016-17,IND,LAL,109.98,116.24,111.61,112.19,99.33,97.18,3,4,0.254,0.874,0
2018-19,MIL,NOP,114.02,112.14,111.93,112.8,99.98,102.77,3,5,0.661,0.314,1
2018-19,ATL,TOR,111.65,110.71,109.97,113.65,102.22,98.36,2,3,0.549,0.394,1
2018-19,NYK,MIL,112.01,108.86,114.06,109.01,97.71,98.4,4,1,0.871,0.628,0
2022-23,PHI,MIN,114.4,114.17,111.69,107.31,96.84,99.95,4,4,0.608,0.671,0
2022-23,PHX,PHI,110.9,111.1,108.36,107.41,99.4,98.36,4,1,0.595,0.755,1
2020-21,BKN,DAL,114.85,112.99,111.38,112.44,99.44,94.7,3,2,0.338,0.411,1
2023-24,DAL,ATL,113.26,111.11,111.17,109.52,99.57,101.69,2,2,0.415,0.298,1
2020-21,IND,DAL,110.27,113.96,109.53,114.93,101.66,95.49,2,2,0.613,0.564,1
2017-18,OKC,LAC,110.23,111.66,109.29,110.1,95.97,97.3,5,5,0.224,0.786,0
2018-19,SAC,DEN,112.6,117.66,116.16,107.52,98.78,98.02,1,2,0.466,0.348,1
2016-17,ATL,CLE,110.62,109.3,108.93,113.72,98.72,97.68,1,3,0.393,0.425,1
2014-15,NOP,MEM,113.66,115.55,113.53,106.79,102.32,101.45,3,5,0.47,0.679,0
2021-22,BOS,MEM,114.31,109.12,111.17,115.29,97.18,99.62,3,2,0.631,0.545,1
2015-16,MIN,BOS,115.2,108.21,114.08,106.77,99.6,94.18,2,3,0.897,0.915,0
2020-21,TOR,MIL,104.53,109.88,118.31,109.24,97.15,99.6,4,3,0.395,0.803,0
2015-16,DAL,ATL,112.4,109.58,106.34,113.04,97.31,100.38,3,3,0.274,0.345,1
2019-20,BOS,NOP,113.3,106.55,112.67,111.53,95.49,97.77,3,2,0.584,0.275,1
2020-21,IND,PHI,112.82,115.33,110.89,112.71,100.99,98.29,2,2,0.373,0.558,1
2020-21,DEN,DAL,114.54,109.21,111.23,111.13,97.72,93.85,2,5,0.55,0.746,1
2019-20,GSW,MIL,117.28,113.24,116.11,110.02,98.51,99.93,2,2,0.979,0.635,1
2021-22,MEM,BOS,111.12,111.25,110.36,106.06,100.51,98.96,4,1,0.481,0.553,1
2019-20,TOR,CLE,112.73,110.0,109.53,108.94,97.81,97.84,3,2,0.769,0.538,0
2016-17,PHX,NOP,109.69,104.74,112.48,116.48,98.74,100.39,2,3,0.816,0.411,1
2014-15,PHX,MIL,109.7,113.43,113.03,107.6,97.6,97.85,1,3,0.317,0.575,1
2017-18,LAL,IND,112.49,113.65,112.28,115.6,97.26,99.89,1,3,0.477,0.318,1
2023-24,BOS,MIN,110.02,108.82,110.56,110.08,94.18,101.3,2,2,0.823,0.489,1
2021-22,PHX,BKN,113.79,107.02,108.46,112.31,97.3,99.62,4,3,0.508,0.475,1
2014-15,GSW,BKN,112.38,109.32,113.29,112.91,100.49,99.43,5,3,0.786,0.416,1
2017-18,SAC,GSW,110.02,111.22,115.35,107.51,100.23,101.23,5,4,0.697,0.795,0
2022-23,MEM,PHX,108.69,110.13,113.64,109.3,101.53,99.09,2,2,0.603,0.611,1
2014-15,NOP,DEN,113.34,108.54,115.55,110.19,100.73,98.1,1,3,0.556,0.434,1
2017-18,PHX,LAL,110.95,106.34,110.84,114.8,98.19,97.45,1,2,0.673,0.649,1
2016-17,NYK,SAC,108.13,109.43,116.95,119.79,96.5,98.88,2,1,0.377,0.611,1
2022-23,BOS,GSW,111.39,108.47,110.88,107.28,94.28,99.24,3,1,0.658,0.712,0
2018-19,NOP,MIN,109.25,112.67,112.02,116.69,100.84,99.05,2,1,0.421,0.396,1
2023-24,IND,CHI,107.16,111.53,112.85,110.78,104.52,97.22,2,3,0.187,0.242,0
2019-20,GSW,BOS,118.46,110.51,116.01,110.14,100.03,96.9,3,2,0.563,0.533,0
2023-24,NOP,DAL,111.09,112.03,112.94,114.53,98.96,97.04,2,5,0.356,0.647,0
2019-20,ATL,SAC,111.18,113.85,105.34,112.37,100.75,100.96,2,1,0.359,0.484,1
2014-15,MIL,CHI,113.46,106.41,109.91,109.92,100.1,97.81,3,2,0.614,0.287,1
2019-20,MIL,BOS,110.46,113.05,113.4,107.47,99.95,96.62,2,3,0.514,0.876,0
2022-23,IND,OKC,111.8,116.93,114.61,108.46,99.62,99.92,4,2,0.479,0.678,0
2022-23,DAL,MEM,111.06,114.47,108.89,112.18,97.48,100.95,4,2,0.718,0.35,1
2019-20,PHI,DAL,108.77,109.51,113.01,110.93,100.03,97.27,3,1,0.591,0.501,0
2018-19,CHI,LAC,108.54,112.0,109.41,108.94,95.0,97.8,2,3,0.161,0.346,0
2019-20,IND,DEN,114.25,117.05,118.62,108.37,99.81,100.14,1,2,0.46,0.826,0
2015-16,OKC,BOS,112.66,107.0,110.2,109.03,98.01,95.3,1,4,0.382,0.865,1
2016-17,SAC,MIA,113.2,117.89,111.45,111.2,98.88,95.98,5,4,0.177,0.454,1
2017-18,PHI,TOR,108.66,112.36,108.31,113.33,95.61,102.71,2,1,0.387,0.379,1
2022-23,ATL,CHI,109.46,115.02,109.85,110.66,103.19,94.88,3,3,0.293,0.167,0
2023-24,MEM,DEN,112.24,109.93,113.8,114.1,101.88,98.21,2,3,0.676,0.75,1
2016-17,MIL,DEN,117.88,113.19,114.66,110.55,100.96,97.14,2,3,0.424,0.532,1
2018-19,BKN,SAC,111.01,111.3,117.46,114.0,99.88,98.37,3,3,0.256,0.554,0
2023-24,PHX,MIA,110.78,112.37,110.99,109.72,99.25,96.18,4,1,0.425,0.274,1
2018-19,BOS,PHX,114.47,110.15,115.9,108.61,97.67,98.8,2,2,0.689,0.773,1
2019-20,LAL,SAC,105.54,110.33,105.92,115.35,98.75,99.94,3,2,0.185,0.175,1
2014-15,MIN,NYK,110.42,107.05,111.73,107.27,98.49,93.3,2,3,0.484,0.351,1
2015-16,GSW,LAC,111.07,108.13,111.87,109.66,101.62,99.81,1,3,0.373,0.368,1
2015-16,LAC,LAL,113.99,107.89,111.8,113.36,98.38,101.07,3,1,0.551,0.361,1
2023-24,CLE,NOP,111.13,110.14,109.87,111.67,96.08,98.41,3,2,0.336,0.152,1
2014-15,DEN,IND,111.06,109.39,113.23,114.12,97.8,100.14,2,2,0.549,0.558,0
2020-21,DAL,PHI,109.82,112.45,109.02,109.07,96.05,99.56,3,4,0.264,0.668,1
2020-21,NYK,NOP,106.16,107.15,116.36,112.31,95.42,99.39,2,2,0.539,0.296,0
2023-24,DAL,MIA,113.0,114.27,111.85,112.12,99.1,98.25,5,2,0.582,0.507,0
2021-22,MIA,LAC,112.54,107.87,109.53,111.2,94.76,99.75,1,4,0.784,0.691,1
2016-17,PHX,LAL,112.92,105.65,112.02,108.6,97.86,97.12,1,2,0.696,0.775,1
2020-21,LAC,TOR,110.71,109.73,106.77,112.23,98.62,97.06,5,1,0.409,0.567,1
2021-22,PHI,CHI,109.08,110.26,109.92,107.71,95.39,96.64,2,4,0.571,0.483,1
2020-21,LAC,MEM,112.09,114.28,111.92,107.78,97.06,99.92,3,4,0.466,0.657,1
2022-23,NYK,BOS,108.19,115.53,117.84,108.03,96.81,94.85,2,2,0.103,0.679,0
2019-20,PHX,GSW,114.57,108.51,117.1,114.71,98.85,100.66,2,2,0.657,0.887,1
2021-22,DEN,NOP,113.28,110.34,113.37,111.46,97.39,98.4,2,3,0.893,0.72,1
2018-19,OKC,PHI,115.16,112.06,106.7,110.29,98.95,98.06,4,4,0.626,0.656,1
2017-18,PHI,OKC,113.39,110.41,109.27,107.88,94.31,96.99,3,1,0.542,0.373,1
2023-24,TOR,BKN,106.95,112.96,110.44,109.36,97.39,100.63,2,5,0.406,0.564,0
2020-21,SAC,CHI,115.23,112.91,109.75,115.66,104.35,97.15,3,3,0.685,0.357,1
2019-20,PHI,CHI,113.9,111.47,110.75,104.68,97.09,95.6,1,3,0.294,0.466,0
2022-23,BKN,DEN,112.95,113.79,117.45,113.37,99.22,93.78,2,3,0.502,0.509,1
2019-20,DAL,ATL,113.19,116.21,109.93,113.91,96.24,101.34,4,2,0.527,0.33,1
2022-23,PHX,CHI,114.29,106.02,109.48,115.68,99.47,94.89,3,5,0.587,0.22,0
2021-22,MIN,CHI,108.3,110.87,111.78,112.09,99.91,97.13,2,2,0.209,0.779,0
2023-24,MIN,LAL,109.5,111.54,116.85,113.32,100.25,99.27,3,4,0.696,0.681,0
2020-21,NYK,TOR,107.09,108.26,109.56,113.01,96.89,98.06,3,2,0.461,0.66,1
2014-15,MIL,OKC,114.77,106.6,109.98,107.05,100.81,98.29,2,4,0.56,0.642,1
2021-22,OKC,CLE,109.72,109.39,115.86,108.05,96.76,96.0,2,4,0.444,0.493,0
2016-17,BOS,IND,111.93,106.42,113.88,114.77,99.08,100.06,2,2,0.283,0.559,1
2016-17,MEM,NYK,110.86,110.94,113.25,108.7,100.2,95.4,2,2,0.548,0.681,0
2016-17,OKC,MIL,112.71,111.07,117.58,113.18,100.72,101.25,2,2,0.714,0.542,0
2019-20,MEM,GSW,114.49,110.04,118.62,108.92,104.09,100.44,4,5,0.786,0.888,0
2019-20,PHX,DEN,117.75,108.76,113.36,116.28,97.26,100.08,1,4,0.758,0.471,1
2022-23,PHX,BKN,111.4,107.54,112.59,114.19,98.65,97.6,4,2,0.7,0.542,1
2019-20,CLE,DEN,116.11,105.8,110.21,111.61,98.78,99.36,2,3,0.414,0.508,1
2015-16,LAC,MIA,110.94,112.86,109.11,110.19,98.12,93.91,2,3,0.364,0.748,0
2023-24,PHX,NOP,104.39,113.33,109.81,113.93,98.37,98.7,3,3,0.714,0.47,0
2019-20,IND,CLE,108.94,113.98,108.84,112.39,100.85,96.19,4,3,0.569,0.639,1
2016-17,DEN,LAL,111.02,111.29,112.51,108.4,97.16,97.09,2,2,0.679,0.738,0
2019-20,NOP,IND,109.09,112.69,113.97,114.68,97.16,101.49,2,3,0.394,0.362,1
2019-20,IND,LAL,112.3,113.32,112.3,113.12,101.3,100.86,4,5,0.384,0.193,1
2021-22,LAL,ATL,105.42,110.73,112.42,110.79,100.84,102.99,2,4,0.409,0.466,1
2017-18,DEN,BOS,118.49,111.51,117.06,104.74,96.2,97.94,1,2,0.992,0.74,0
2021-22,CHI,NOP,114.73,106.5,112.28,108.85,97.68,99.8,1,3,0.743,0.637,1
2017-18,MEM,DEN,112.36,106.66,115.59,106.64,100.86,98.3,3,2,0.596,0.939,1
2016-17,PHX,OKC,111.26,107.58,114.29,106.02,98.19,98.04,4,2,0.426,0.655,1
2015-16,CHI,LAC,109.95,113.01,112.81,111.74,96.97,98.17,2,2,0.46,0.571,1
2020-21,OKC,GSW,112.54,105.59,111.48,103.99,97.0,98.15,3,3,0.608,0.777,0
2018-19,IND,LAC,111.16,108.2,109.96,113.95,100.14,97.14,3,1,0.453,0.326,1
2018-19,BKN,CLE,114.81,114.43,108.92,107.82,97.43,97.13,2,2,0.425,0.595,0
2014-15,MIA,ATL,109.2,109.56,108.98,113.57,94.79,100.75,5,1,0.359,0.5,1
2016-17,SAC,DAL,112.21,115.25,112.7,114.2,100.16,96.7,3,2,0.286,0.849,1
2019-20,ATL,BKN,110.14,111.11,109.42,109.63,102.57,98.07,1,1,0.37,0.417,1
2023-24,ATL,LAC,109.07,110.1,113.13,112.36,98.92,95.88,3,1,0.408,0.331,1
2020-21,MIA,ATL,112.06,109.92,111.79,113.44,98.67,102.62,3,2,0.512,0.68,1
2023-24,BOS,IND,108.45,112.03,109.87,110.95,95.3,101.31,2,4,0.441,0.098,1
2019-20,CHI,MIL,113.01,107.62,114.06,111.38,96.01,100.59,3,1,0.722,0.887,1
2016-17,DEN,NOP,113.29,111.3,109.52,111.6,98.07,99.23,3,3,0.646,0.313,1
2019-20,NYK,DAL,111.73,109.56,113.44,111.31,97.71,97.87,3,3,0.511,0.613,1
2019-20,MIN,MIL,115.08,109.62,114.14,110.09,99.96,101.34,2,3,0.642,0.694,1
2020-21,BKN,CHI,111.89,117.68,109.5,113.22,99.51,98.65,4,2,0.567,0.429,0
2019-20,ATL,MIA,107.92,112.13,103.79,101.95,101.05,96.49,1,4,0.115,0.457,0
2022-23,MIN,IND,114.39,109.37,111.34,117.17,100.67,100.4,3,3,0.739,0.343,1
2017-18,NOP,MEM,112.61,111.22,112.77,106.61,99.58,99.88,4,2,0.533,0.447,1
2021-22,DEN,NYK,110.62,112.94,112.98,109.86,97.07,95.58,3,5,0.714,0.512,1
2023-24,CLE,OKC,108.93,109.45,112.01,105.58,94.88,99.38,4,3,0.597,0.669,0
2018-19,MIN,PHX,112.86,110.79,113.43,113.4,98.67,99.23,3,1,0.524,0.853,0
2019-20,SAC,LAL,112.32,110.0,114.5,111.93,101.72,100.53,2,3,0.238,0.526,0
2019-20,PHI,TOR,108.98,110.42,112.12,109.53,98.21,99.66,3,4,0.465,0.601,1
2022-23,MIA,MEM,107.73,110.54,112.02,107.43,94.66,100.88,4,2,0.56,0.745,0
2021-22,LAC,GSW,111.85,112.12,117.57,109.73,97.91,98.61,2,1,0.687,0.595,0
2017-18,OKC,NOP,111.35,111.97,112.22,110.29,96.66,101.29,1,4,0.274,0.378,0
2023-24,OKC,MEM,108.66,107.02,112.23,108.61,100.07,101.91,1,4,0.538,0.267,0
2023-24,MEM,LAC,115.58,112.75,108.85,109.33,99.72,99.45,2,2,0.517,0.455,1
2020-21,TOR,DEN,106.69,114.29,115.18,113.15,96.53,101.46,2,2,0.513,0.574,0
2017-18,BOS,NOP,114.21,108.23,111.44,115.94,98.48,99.48,4,2,0.632,0.499,1
2018-19,PHI,NOP,112.38,109.79,109.93,115.07,97.41,102.43,2,3,0.607,0.332,1
2015-16,MEM,GSW,110.69,105.94,116.78,108.61,101.6,102.29,3,4,0.5,0.771,1
2019-20,CLE,IND,109.34,110.4,112.06,112.35,96.75,102.78,2,3,0.587,0.757,0
2014-15,PHI,LAC,110.51,109.48,108.21,111.35,97.17,96.24,3,2,0.503,0.221,1
2022-23,TOR,LAL,110.2,112.8,111.05,109.04,96.67,98.17,2,2,0.745,0.452,0
2019-20,BOS,TOR,111.68,109.0,113.29,110.88,95.48,100.19,2,4,0.638,0.382,1
2020-21,MIA,SAC,108.3,106.58,117.12,115.08,98.8,102.64,3,3,0.296,0.427,1
2015-16,DAL,PHI,113.24,114.67,107.45,108.73,96.44,99.07,2,3,0.301,0.365,0
2023-24,LAC,NYK,113.44,111.38,104.86,112.35,99.29,94.78,1,3,0.507,0.338,1
2019-20,NYK,ATL,106.79,106.03,108.85,110.29,96.49,100.41,1,3,0.51,0.353,1
2018-19,TOR,CHI,113.24,115.01,108.14,112.79,100.21,97.57,2,4,0.475,0.564,1
2023-24,PHX,CLE,107.34,112.84,106.26,109.9,99.87,95.02,2,2,0.688,0.544,0
2014-15,OKC,NOP,111.97,107.88,109.6,116.03,98.34,99.9,2,2,0.443,0.695,1
2019-20,OKC,PHX,115.11,108.07,112.39,105.4,95.99,98.64,4,3,0.594,0.541,0
2020-21,DEN,PHI,115.11,110.67,110.35,110.26,99.93,97.58,3,3,0.782,0.719,1
2023-24,PHI,SAC,110.13,111.83,114.28,119.53,97.68,98.82,3,4,0.508,0.487,1
2022-23,LAC,TOR,109.88,115.97,111.81,112.44,98.89,97.79,3,2,0.34,0.805,0
2015-16,MIA,BKN,107.01,104.36,111.15,110.33,96.22,98.89,3,2,0.679,0.751,1
2018-19,DEN,LAL,115.46,112.89,114.04,109.99,98.77,97.25,3,2,0.663,0.717,0
2021-22,PHX,MIA,113.6,106.04,113.82,112.03,98.89,95.43,3,2,0.631,0.808,1
2022-23,TOR,PHX,112.56,113.09,114.1,108.92,98.36,98.99,3,3,0.574,0.511,0
2018-19,SAC,DEN,113.84,116.3,112.48,106.43,100.46,97.83,4,3,0.474,0.488,0
2021-22,MEM,CHI,109.8,114.59,105.74,105.21,102.98,96.59,1,2,0.607,0.58,0
2015-16,IND,NYK,111.75,114.24,112.32,114.63,99.18,93.65,2,2,0.467,0.412,1
2017-18,CHI,BKN,108.27,109.82,111.99,115.24,97.71,102.13,4,1,0.055,0.576,0
2023-24,OKC,LAL,109.14,111.01,112.69,106.77,100.0,101.19,4,2,0.468,0.432,0
2015-16,GSW,TOR,115.25,108.09,108.71,108.66,100.47,99.37,3,3,0.737,0.516,1
2016-17,MEM,IND,115.5,106.37,109.74,116.14,101.41,101.81,4,4,0.624,0.527,1
2019-20,SAC,OKC,111.55,114.04,115.5,105.05,101.12,96.8,2,1,0.387,0.65,0
2015-16,CLE,PHI,106.64,111.63,109.05,106.81,95.6,99.01,2,3,0.666,0.629,1
2018-19,MIL,TOR,113.76,112.27,111.91,115.11,99.76,99.37,5,3,0.855,0.379,1
2016-17,MIA,MEM,105.97,110.75,110.5,109.63,94.53,101.33,2,4,0.352,0.848,0
2019-20,CLE,NOP,109.02,108.28,109.46,110.4,97.84,98.42,3,1,0.693,0.229,1
2019-20,TOR,CHI,110.18,112.68,109.9,108.04,98.62,96.0,3,3,0.372,0.482,0
2019-20,MIN,NOP,115.32,111.04,107.99,111.06,99.49,97.56,4,1,0.892,0.337,1
2019-20,NYK,CHI,109.83,111.25,110.85,109.32,95.62,93.64,3,2,0.342,0.604,1
2017-18,LAL,MIN,112.01,112.38,109.3,112.36,99.0,97.65,1,3,0.281,0.668,0
2020-21,TOR,SAC,109.67,113.33,113.87,110.74,96.8,102.37,1,2,0.294,0.446,0
2022-23,OKC,NOP,115.46,105.97,115.2,112.65,101.43,100.07,3,3,0.573,0.221,1
2018-19,MIA,OKC,115.48,108.7,115.23,109.01,93.14,99.17,1,3,0.671,0.679,1
2023-24,PHI,BKN,110.99,112.14,114.89,112.0,98.45,99.38,2,3,0.456,0.673,0
2016-17,MEM,DAL,114.0,105.0,114.35,110.56,98.54,96.73,5,4,0.543,0.586,1
2016-17,CHI,OKC,112.3,114.34,109.07,110.41,98.73,99.58,2,4,0.823,0.652,1
2019-20,BKN,GSW,115.3,112.33,115.17,107.42,99.84,100.59,3,3,0.507,0.595,0
2020-21,ATL,CLE,110.54,113.87,113.34,105.17,103.54,97.11,4,2,0.432,0.727,0
2022-23,BOS,CLE,114.25,109.07,115.92,111.85,96.43,91.87,5,1,0.789,0.594,1
2016-17,DEN,MEM,112.96,108.88,112.28,108.37,97.72,98.64,2,3,0.433,0.517,0
2017-18,CHI,BOS,104.82,109.59,113.38,107.03,97.31,98.46,2,2,0.292,0.846,0
2018-19,CHI,PHI,108.46,110.95,108.19,110.63,98.4,97.0,4,3,0.175,0.378,1
2020-21,PHX,IND,109.09,108.32,111.84,112.97,98.87,100.95,3,4,0.356,0.488,1
2023-24,CLE,GSW,107.46,107.02,115.21,112.16,94.87,99.3,3,4,0.585,0.737,1
2019-20,LAL,MIL,107.19,110.73,111.69,111.33,100.4,101.64,1,2,0.685,0.668,1
2016-17,ATL,GSW,108.47,109.58,113.89,110.38,101.51,96.57,2,2,0.655,0.81,1
2017-18,NOP,BOS,111.45,114.18,115.18,109.45,99.48,97.18,3,3,0.486,0.43,1
2015-16,IND,LAC,112.5,110.54,112.93,117.42,100.3,99.17,2,4,0.18,0.498,1
2018-19,DEN,MEM,113.74,109.65,111.24,109.26,98.07,100.02,3,3,0.721,0.717,0
2019-20,MIL,DEN,111.17,109.66,112.79,114.18,101.67,100.59,3,2,0.542,0.851,1
2021-22,PHI,DAL,109.42,112.18,113.43,115.01,98.94,95.36,3,2,0.17,0.568,0
2016-17,CLE,TOR,111.36,109.99,109.93,112.01,97.88,97.46,2,2,0.508,0.406,0
2016-17,CLE,DAL,110.73,112.01,116.63,114.99,98.56,95.58,3,1,0.606,0.582,1
2015-16,LAC,NYK,112.19,108.63,110.91,111.45,99.42,95.88,3,3,0.472,0.208,1
2022-23,NYK,LAL,111.07,112.06,108.96,111.99,95.07,98.68,1,2,0.29,0.669,0
2022-23,OKC,LAC,112.97,104.75,107.61,109.87,99.85,99.64,3,2,0.705,0.41,1
2017-18,BKN,BOS,112.63,117.49,116.84,109.35,101.41,98.67,3,1,0.402,0.776,0
2022-23,NYK,NOP,112.46,112.81,109.17,113.0,93.77,99.35,2,3,0.315,0.47,1
2018-19,NYK,ATL,111.43,107.25,107.72,108.95,97.98,103.63,1,4,0.308,0.442,1
2020-21,CHI,CLE,108.4,110.57,112.82,106.78,99.48,96.33,3,3,0.431,0.778,1
2014-15,MIA,NYK,105.93,112.33,106.01,107.57,95.32,95.01,1,2,0.515,0.5,0
2020-21,GSW,OKC,117.48,104.91,112.4,106.58,100.94,97.92,3,2,0.503,0.542,1
2019-20,ATL,CLE,112.06,112.15,107.01,107.62,101.74,97.93,3,1,0.663,0.517,0
2021-22,PHX,DEN,115.19,105.92,113.22,109.34,96.0,98.36,3,2,0.64,0.6,1
2017-18,MIL,BKN,111.0,109.35,113.82,119.22,97.73,102.08,1,2,0.318,0.371,1
2015-16,PHX,CHI,114.87,112.18,108.19,112.06,99.1,99.1,2,1,0.814,0.0,1
2022-23,MIN,CLE,111.42,108.15,112.89,107.33,99.7,93.26,3,5,0.339,0.849,0
2021-22,BOS,ATL,112.51,106.28,111.57,109.47,97.24,100.14,3,3,0.743,0.547,1
2016-17,MEM,MIL,110.75,106.48,116.79,112.01,100.95,100.37,2,3,0.635,0.599,0
2019-20,GSW,LAC,112.97,108.71,113.89,109.42,100.9,99.43,1,3,0.892,0.398,1
2019-20,GSW,SAC,118.38,106.68,113.37,112.5,97.67,100.08,2,3,1.0,0.307,1
2023-24,OKC,LAC,112.77,105.36,112.98,110.58,102.27,98.38,3,2,0.534,0.373,1
2021-22,LAC,NOP,108.24,109.25,115.35,110.23,99.03,100.16,1,2,0.427,0.669,0
2017-18,DAL,LAC,114.41,111.87,110.13,109.72,98.71,99.38,2,2,0.725,0.511,1
2019-20,IND,DAL,112.08,116.96,116.62,113.41,102.04,97.29,3,1,0.582,0.69,1
2016-17,SAC,MIL,112.11,115.76,116.26,109.39,101.05,98.97,1,5,0.547,0.702,0
2014-15,MIN,DAL,110.6,110.2,112.2,113.07,98.82,96.65,1,4,0.739,0.351,1
2019-20,SAC,NOP,107.55,112.6,112.05,111.76,99.67,98.55,3,2,0.588,0.365,0
2018-19,LAC,PHI,110.2,112.83,110.3,111.81,98.36,98.72,2,3,0.271,0.488,0
2021-22,MIL,MEM,114.61,107.97,108.45,110.82,100.54,101.11,4,4,0.683,0.585,1
2014-15,MIA,BKN,107.96,111.92,115.15,114.49,92.42,99.31,2,2,0.317,0.431,0
2017-18,ATL,SAC,111.56,108.24,110.34,108.58,101.28,101.1,5,3,0.783,0.82,1
2020-21,DAL,MIL,114.03,108.63,118.62,106.47,95.44,99.56,4,5,0.418,0.822,1
2023-24,NOP,DAL,112.92,114.09,113.84,112.14,99.71,98.82,1,2,0.473,0.38,0
2015-16,TOR,PHX,108.21,113.09,111.26,106.09,98.14,98.35,4,4,0.353,0.642,0
2014-15,DEN,PHX,116.63,115.63,112.02,111.77,97.88,100.41,1,4,0.274,0.477,0
2017-18,GSW,BKN,112.39,109.87,110.83,113.27,101.76,102.71,2,2,0.685,0.549,1
2022-23,MIA,SAC,111.25,105.96,115.17,116.66,96.06,100.52,3,2,0.437,0.328,1
2020-21,CHI,GSW,105.97,113.33,110.87,103.25,97.29,98.04,2,4,0.493,0.65,0
2018-19,MIL,IND,116.66,106.23,113.97,115.05,100.15,99.55,2,1,0.497,0.431,1
2014-15,NOP,MIN,111.2,111.14,109.11,111.41,100.01,98.46,1,2,0.612,0.596,1
2022-23,PHX,NOP,110.93,110.71,112.71,113.32,98.95,98.13,3,2,0.786,0.2,1
2017-18,CLE,OKC,109.75,114.2,108.94,111.41,97.04,96.77,2,3,0.674,0.261,1
2019-20,DEN,OKC,115.09,112.08,116.1,109.63,100.31,98.07,2,3,0.872,0.679,0
2019-20,SAC,LAL,113.56,114.12,108.39,111.34,99.11,100.32,2,4,0.458,0.532,1
2014-15,BOS,IND,112.17,106.89,111.61,116.47,95.57,101.16,2,4,0.762,0.57,1
2020-21,SAC,NYK,115.55,115.28,108.16,111.55,103.06,98.34,3,2,0.357,0.668,1
2014-15,BKN,NOP,114.38,112.59,111.16,111.96,100.22,99.93,2,3,0.319,0.51,1
2017-18,MIN,MIL,109.86,111.39,109.57,112.91,97.52,97.78,2,1,0.551,0.626,1
2023-24,GSW,SAC,113.68,107.13,114.2,115.76,99.2,99.46,3,2,0.805,0.689,1
2017-18,OKC,MIA,111.93,114.24,110.4,109.86,97.91,97.23,4,1,0.38,0.375,0
2022-23,NOP,DEN,110.45,116.11,116.02,111.16,97.76,96.35,4,2,0.329,0.509,1
2019-20,IND,ATL,113.5,115.37,111.69,114.23,102.62,102.59,4,3,0.553,0.305,0
2022-23,NOP,OKC,111.12,113.24,115.54,108.78,99.2,101.09,2,2,0.469,0.576,0
2014-15,ATL,LAC,106.98,112.82,107.71,107.78,100.83,97.56,1,3,0.32,0.403,0
2023-24,CHI,TOR,111.09,112.5,111.39,110.43,97.92,98.98,2,4,0.568,0.179,1
2022-23,SAC,GSW,114.32,116.54,111.23,105.91,100.48,99.08,1,5,0.526,0.888,0
2017-18,MIL,CLE,107.39,107.14,108.7,109.34,98.91,99.8,3,3,0.426,0.329,1
2018-19,GSW,OKC,115.74,107.61,115.12,112.81,101.15,99.7,2,3,0.755,0.715,1
2020-21,PHI,DEN,109.1,112.6,117.11,110.68,98.61,99.28,1,4,0.698,0.764,0
2019-20,MIL,LAC,110.42,103.74,114.61,111.46,100.98,98.25,1,2,0.723,0.62,1
2019-20,DAL,GSW,115.37,109.98,120.05,111.91,97.75,99.94,3,1,0.739,0.663,1
2020-21,ATL,NOP,111.01,114.01,112.52,109.8,101.95,99.58,4,5,0.921,0.588,0
2015-16,DAL,MIA,113.88,109.75,107.9,110.32,94.94,95.48,2,2,0.845,0.403,1
2017-18,LAC,PHI,110.47,110.98,110.19,109.82,98.09,96.39,2,5,0.716,0.471,1
2018-19,NOP,MIN,111.6,114.26,112.37,112.46,98.73,100.92,5,3,0.361,0.586,0
2018-19,BOS,PHI,113.76,106.53,108.84,111.43,96.57,96.42,3,1,0.516,0.396,1
2016-17,MIL,PHX,116.84,117.08,110.65,107.65,101.02,100.52,1,4,0.608,0.269,0
2019-20,MIL,MIN,112.82,112.87,113.52,110.83,100.42,99.04,2,1,0.697,0.499,0
2020-21,CLE,MIN,113.1,104.55,108.34,109.67,97.86,101.34,4,2,0.601,0.493,1
2020-21,BKN,PHI,112.01,116.4,109.96,110.99,100.8,97.36,4,2,0.521,0.433,1
2017-18,MIA,SAC,113.3,103.58,115.19,110.3,97.89,98.51,3,2,0.66,0.475,1
2022-23,GSW,SAC,112.38,107.72,114.45,111.87,100.28,99.54,4,3,0.42,0.418,1
2014-15,DAL,CLE,113.65,111.06,110.39,109.46,98.6,98.15,3,2,0.677,0.384,1
2018-19,SAC,TOR,118.95,114.02,114.26,112.21,99.48,101.01,1,3,0.384,0.632,0
2018-19,PHX,IND,117.24,111.07,112.86,111.71,98.93,99.49,2,4,0.456,0.45,1
2014-15,GSW,MIL,114.97,107.49,110.04,106.13,101.03,98.77,3,3,0.794,0.691,1
2017-18,MIA,PHI,109.24,108.9,108.13,110.26,97.85,96.98,2,2,0.558,0.422,1
2016-17,NOP,CHI,112.76,117.91,113.29,111.27,100.6,98.87,4,3,0.623,0.367,0
2017-18,MEM,CLE,111.71,107.9,106.54,109.2,101.72,97.52,1,2,0.775,0.548,0
2019-20,MIA,LAC,108.4,107.38,117.28,112.46,97.03,99.79,2,3,0.166,0.638,1
2023-24,LAL,TOR,109.47,106.64,111.66,113.4,97.57,97.41,4,2,0.757,0.558,1
2016-17,SAC,PHI,109.65,113.28,112.58,107.99,99.95,99.55,4,2,0.347,0.738,0
2021-22,LAC,DAL,107.83,107.83,113.71,114.52,97.73,95.84,2,2,0.709,0.683,1
2017-18,OKC,PHI,107.57,108.82,112.3,110.9,97.54,95.97,3,2,0.535,0.462,0
2019-20,BOS,MIN,112.43,107.8,116.07,112.7,94.66,100.49,2,4,0.773,0.468,1
2016-17,LAC,BKN,110.22,113.82,109.91,112.77,98.86,98.78,3,5,0.396,0.471,0
2021-22,DAL,MIN,113.75,115.22,106.23,109.76,97.92,100.4,3,2,0.629,0.491,1
2022-23,GSW,MEM,114.78,106.98,108.34,106.13,101.5,100.14,1,3,0.517,0.7,1
2021-22,ATL,LAC,109.64,112.25,109.9,110.5,101.94,99.23,3,2,0.371,0.939,1
2020-21,BOS,GSW,112.26,107.72,114.46,106.2,100.4,100.2,1,2,0.824,0.55,0
2015-16,MIN,MIL,111.84,106.04,114.57,114.29,99.45,100.02,3,4,1.0,0.814,1
2014-15,CLE,DAL,110.24,108.23,110.26,113.77,99.11,97.43,3,1,0.24,0.445,1
2020-21,CLE,MIA,113.14,108.8,103.69,108.86,95.72,96.98,2,4,0.681,0.456,1
2019-20,LAC,MIN,113.62,108.76,116.0,112.73,99.41,99.13,2,3,0.655,0.489,0
2022-23,NYK,DAL,110.6,113.0,113.21,114.1,96.5,94.96,3,2,0.394,0.265,1
2019-20,MEM,NYK,112.41,107.48,106.78,109.3,104.4,96.66,3,2,0.608,0.808,1
2015-16,TOR,MEM,110.21,111.69,110.87,106.39,99.31,100.62,4,1,0.545,0.662,0
2018-19,DAL,MEM,111.5,114.95,108.92,107.9,97.8,99.46,4,3,0.399,0.343,1
2016-17,NOP,OKC,111.59,112.77,112.2,110.56,98.95,98.68,2,2,0.382,0.683,0
2021-22,ATL,BKN,112.29,112.78,110.38,116.47,102.33,99.0,2,1,0.704,0.402,0
2019-20,LAC,PHX,112.34,109.44,115.38,107.28,98.66,100.71,4,1,0.509,0.775,0
2019-20,GSW,LAC,118.57,104.75,113.16,111.53,100.24,100.28,3,3,0.464,0.743,1
2015-16,SAC,PHI,116.8,109.21,107.28,109.26,100.9,99.66,3,2,0.452,0.397,1
2014-15,CLE,DAL,109.8,110.42,113.26,110.46,97.56,96.96,5,3,0.429,0.519,0
2019-20,CLE,MIN,109.55,107.66,114.5,111.25,98.32,101.26,4,2,0.507,0.622,1
2018-19,BKN,ATL,111.44,114.06,111.95,112.07,97.09,102.4,1,2,0.342,0.607,0
2015-16,BOS,IND,113.98,105.75,106.63,112.48,95.26,97.81,4,4,0.544,0.309,1
2023-24,LAL,BKN,110.25,108.75,113.85,110.34,100.55,100.84,5,3,0.363,0.522,1
2023-24,LAL,GSW,114.72,112.04,117.73,108.67,99.69,99.59,3,4,0.311,0.54,1
2023-24,IND,LAL,107.33,116.27,112.88,110.73,100.64,99.36,2,1,0.43,0.604,0
2023-24,LAC,MIA,114.61,112.63,114.15,109.56,96.9,97.87,2,3,0.479,0.348,1
2022-23,NYK,MIL,110.1,114.35,113.71,106.16,96.78,103.2,5,5,0.418,0.689,0
2021-22,IND,ATL,107.8,115.64,112.16,109.7,98.28,102.95,4,1,0.164,0.333,0
2017-18,SAC,MEM,115.27,111.31,111.82,106.0,101.35,102.24,4,5,0.581,0.618,1
2014-15,OKC,PHX,113.87,110.89,110.88,113.0,98.31,100.04,3,3,0.626,0.553,1
2016-17,CLE,IND,109.64,111.34,109.18,118.51,96.71,100.6,3,4,0.377,0.511,1
2016-17,MIN,PHX,109.58,114.63,109.99,108.08,100.45,100.33,2,2,0.388,0.558,0
2023-24,GSW,PHX,112.41,106.19,110.44,112.83,99.39,99.6,5,3,0.478,0.526,1
2014-15,PHI,MEM,112.81,109.39,114.78,112.83,97.81,101.99,3,2,0.685,0.229,1
2021-22,BKN,GSW,110.64,114.94,116.31,110.35,100.15,101.63,3,1,0.374,0.554,0
2018-19,OKC,PHX,114.44,110.79,112.17,109.83,99.02,99.41,1,3,0.539,0.396,0
2015-16,SAC,DAL,115.42,113.05,114.86,110.59,98.66,97.76,4,4,0.631,0.71,0
2021-22,MIL,BOS,109.23,109.88,111.42,108.01,100.46,97.79,2,5,0.798,0.72,1
2019-20,DAL,OKC,112.13,113.12,113.64,107.47,96.64,93.34,2,4,0.521,0.734,0
2015-16,LAL,ATL,111.2,112.97,110.37,113.83,99.15,99.34,3,2,0.502,0.174,0
2016-17,MIA,IND,107.72,114.55,107.27,114.6,93.57,99.99,2,3,0.442,0.542,1
2019-20,NOP,TOR,112.28,113.65,113.35,111.35,98.97,97.23,2,3,0.199,0.606,0
2021-22,LAL,IND,112.51,109.85,110.4,115.46,98.51,100.0,2,4,0.64,0.543,1
2023-24,PHX,NOP,111.19,111.97,109.75,113.22,100.28,99.89,2,2,0.702,0.694,1
2019-20,DAL,MEM,119.07,112.48,115.72,108.42,98.25,100.15,3,3,0.622,0.773,0
2022-23,MEM,MIN,113.79,110.45,111.8,106.79,102.49,100.93,2,2,0.362,0.696,0
2023-24,SAC,ATL,108.96,116.96,107.55,113.88,98.47,99.16,2,5,0.614,0.497,0
2016-17,IND,PHI,113.55,113.46,115.49,107.51,97.96,98.71,4,4,0.146,0.693,1
2017-18,DEN,MIN,115.37,110.32,112.52,109.1,97.67,98.28,2,3,0.907,0.334,1
2017-18,BKN,TOR,111.66,118.84,107.48,109.55,102.15,101.96,3,4,0.327,0.455,0
2016-17,CHI,MIN,110.23,114.83,108.29,111.02,99.85,101.31,2,3,0.669,0.532,0
2021-22,OKC,LAL,110.51,109.76,115.17,109.15,99.16,98.35,2,3,0.448,0.906,1
2022-23,LAC,MIA,107.73,108.75,114.3,103.95,100.37,96.45,1,2,0.495,0.6,0
2019-20,BKN,IND,111.21,114.32,108.14,115.44,100.56,99.84,5,1,0.439,0.574,1
2019-20,DEN,MIN,115.18,111.71,113.21,113.04,99.36,101.22,2,2,0.633,0.49,1
2022-23,DAL,GSW,113.8,114.36,113.83,105.06,97.41,99.29,4,3,0.527,0.803,0
2014-15,PHI,DAL,115.77,112.16,111.72,115.62,96.69,96.24,5,1,0.568,0.477,1
2023-24,CHI,PHI,110.14,110.47,110.32,112.98,95.95,98.94,4,4,0.485,0.541,1
2017-18,MIA,CLE,113.71,108.55,110.66,109.68,97.27,97.36,1,1,0.602,0.572,1
2016-17,MIL,NOP,121.31,116.51,113.82,120.3,100.05,100.74,1,2,0.503,0.505,1
2019-20,GSW,ATL,115.69,108.91,111.68,112.74,98.37,103.12,2,3,0.817,0.496,1
2014-15,PHI,IND,116.73,108.6,110.89,113.99,97.21,100.04,3,3,0.824,0.511,1
2020-21,ATL,CLE,110.41,112.45,112.84,109.13,101.65,98.12,4,3,0.771,0.567,1
2014-15,DEN,NYK,111.3,109.81,108.56,111.38,99.02,95.13,2,3,0.621,0.78,1
2018-19,GSW,TOR,117.19,110.24,114.12,111.76,100.81,99.37,2,1,0.913,0.554,1
2021-22,ATL,PHX,112.11,112.83,111.73,101.42,103.63,98.49,4,1,0.764,0.961,0
2022-23,MIN,TOR,107.94,110.6,114.8,114.14,100.87,97.44,4,1,0.577,0.378,0
2019-20,NYK,SAC,105.01,109.36,109.53,113.37,95.31,100.44,3,1,0.797,0.389,1
2023-24,PHI,SAC,111.43,115.14,112.28,116.41,97.81,95.51,3,3,0.63,0.661,1
2016-17,NYK,MIN,110.56,110.41,111.06,110.2,96.15,100.89,1,3,0.44,0.363,0
2016-17,BOS,MIL,114.02,106.9,114.12,115.56,98.91,100.13,3,2,0.735,0.787,1
2018-19,DEN,BKN,112.07,112.89,112.01,114.43,98.97,96.53,2,3,0.754,0.574,1
2022-23,NOP,CHI,109.39,117.94,110.79,112.74,97.75,96.96,1,3,0.59,0.299,0
2015-16,TOR,ATL,110.24,109.18,108.32,111.86,97.69,100.93,2,2,0.474,0.739,1
2019-20,MIN,MIL,114.16,112.81,113.03,109.87,99.58,100.39,4,3,0.785,0.93,1
2014-15,TOR,PHI,111.85,113.76,111.56,111.75,97.92,99.18,3,4,0.441,0.959,1
2015-16,DEN,GSW,116.25,110.99,113.14,102.63,99.12,101.04,3,1,0.827,0.82,1
2019-20,CLE,TOR,112.24,110.49,113.11,110.27,97.37,97.7,2,2,0.298,0.317,1
2014-15,CLE,CHI,109.28,108.53,109.31,108.17,97.79,95.59,2,3,0.552,0.637,0
2014-15,PHX,DEN,110.73,113.53,115.62,116.39,101.64,98.36,4,5,0.441,0.496,0
2019-20,PHX,BKN,117.31,108.43,111.76,113.73,99.71,99.78,4,2,0.818,0.542,1
2014-15,BKN,SAC,113.41,112.99,108.21,116.0,101.56,99.21,3,2,0.496,0.58,1
2019-20,MEM,DEN,110.52,105.46,116.36,114.3,101.78,99.17,3,3,0.774,0.622,1
2021-22,CLE,MIN,113.1,107.48,110.51,111.2,96.43,99.55,2,4,0.411,0.593,1
2019-20,MIA,PHI,108.28,107.47,110.39,113.43,97.23,100.11,3,3,0.431,0.461,0
2017-18,MIN,DEN,109.59,110.45,114.5,112.46,98.15,96.77,5,2,0.441,0.681,0
2018-19,ATL,MIN,110.6,108.41,115.87,115.59,102.26,100.58,2,2,0.343,0.114,0
2019-20,GSW,SAC,116.74,107.54,110.09,114.96,100.26,97.91,1,3,0.904,0.334,1
2014-15,MIN,OKC,112.19,112.26,112.6,110.61,100.37,99.61,2,2,0.28,0.471,1
2019-20,DAL,LAC,116.68,112.05,109.11,109.3,97.34,99.52,4,2,0.532,0.4,1
2020-21,IND,NYK,112.22,116.49,108.66,106.99,102.17,98.31,2,3,0.253,0.161,0
2019-20,DEN,LAL,114.33,109.93,105.72,115.56,99.23,99.01,4,1,0.722,0.262,1
2019-20,MIL,CHI,112.41,107.9,108.32,111.15,100.67,96.62,4,2,0.299,0.411,0
2015-16,PHX,IND,111.49,110.11,107.33,112.95,100.8,99.62,4,3,0.914,0.835,1
2021-22,LAC,MEM,115.69,111.2,113.11,108.64,99.54,98.74,2,3,0.473,0.326,1
2017-18,NOP,PHI,111.79,114.62,109.03,112.79,98.56,97.67,1,2,0.412,0.521,0
2020-21,LAC,PHX,114.56,108.23,113.26,105.34,98.12,100.68,2,3,0.577,0.793,0
2018-19,BOS,NOP,114.22,105.72,110.49,114.65,96.51,102.72,2,2,0.817,0.356,1
2020-21,MIN,NOP,107.25,113.63,111.45,111.47,102.18,98.48,2,2,0.405,0.457,1
2020-21,MIA,LAC,107.94,109.73,114.43,110.96,98.68,97.93,5,2,0.275,0.438,0
2015-16,PHX,IND,113.3,111.85,108.25,113.47,99.12,98.92,3,3,0.759,0.411,1
2021-22,MIA,BOS,111.51,108.9,112.15,106.81,93.19,95.6,2,4,0.708,0.402,0
2023-24,DEN,DAL,114.5,109.0,111.43,109.92,97.31,99.35,2,2,0.467,0.465,1
2019-20,TOR,SAC,111.81,110.58,114.36,113.03,99.77,101.88,3,2,0.537,0.286,0
2023-24,MIA,BOS,112.99,114.41,112.22,105.76,96.36,96.71,3,4,0.433,0.578,0
2023-24,OKC,ATL,112.05,107.83,111.8,109.47,98.76,99.58,4,4,0.653,0.621,0
2018-19,CLE,ATL,108.31,104.54,111.91,111.39,96.66,101.89,1,2,0.423,0.889,1
2022-23,DEN,MIN,116.79,111.87,114.43,108.93,97.03,98.7,2,1,0.466,0.894,1
2021-22,ATL,MEM,111.97,112.28,114.05,112.94,102.62,103.5,2,1,0.392,0.707,0
2018-19,DAL,BKN,112.77,111.46,109.59,117.53,96.29,98.94,4,3,0.601,0.608,1
2021-22,MIA,OKC,115.2,107.58,112.74,108.77,95.82,97.3,4,3,0.713,0.456,1
2018-19,MIA,NYK,112.71,110.58,113.43,109.73,93.61,95.39,1,1,0.649,0.781,1
2019-20,ATL,IND,105.44,111.59,109.36,113.84,103.64,101.76,2,3,0.255,0.457,0
2020-21,MIA,SAC,109.0,104.68,116.61,112.33,97.39,103.5,5,4,0.837,0.634,1
2014-15,CHI,SAC,112.48,110.38,111.24,110.61,97.18,101.14,2,2,0.569,0.409,1
2015-16,CLE,PHX,110.53,109.1,113.21,108.46,98.13,100.15,3,1,0.706,0.865,0
2019-20,OKC,LAC,117.29,110.63,115.57,108.6,97.25,99.55,2,3,0.619,0.307,1
2014-15,DEN,TOR,114.8,113.79,110.29,112.33,98.45,97.5,1,2,0.697,0.662,1
2017-18,LAL,DEN,111.62,111.23,115.62,106.46,99.22,98.59,3,2,0.415,0.553,0
2017-18,ATL,IND,114.02,112.06,112.43,117.85,100.43,99.26,3,5,0.682,0.329,1
2019-20,SAC,MEM,108.36,114.29,116.56,107.33,99.63,101.97,3,3,0.507,0.682,0
2018-19,IND,GSW,108.04,113.89,114.05,109.13,100.22,100.61,4,3,0.446,0.9,0
2014-15,CLE,DEN,108.87,114.77,112.42,112.92,97.57,97.74,1,1,0.674,0.377,0
2019-20,ATL,LAL,109.66,111.49,107.43,110.53,102.68,100.05,1,2,0.375,0.359,1
2019-20,ATL,MIL,110.43,112.85,113.13,113.01,101.02,100.23,1,4,0.118,0.696,1
2021-22,IND,LAC,110.26,115.33,109.82,112.41,100.28,99.43,3,3,0.34,0.362,1
2019-20,NOP,BKN,108.0,108.89,111.07,111.39,97.79,99.14,4,2,0.481,0.643,1
2020-21,DEN,NOP,114.25,106.39,111.85,113.25,99.58,99.46,3,3,0.489,0.412,1
2021-22,TOR,LAC,112.61,112.49,110.82,109.85,98.02,99.37,2,2,0.398,0.743,1
2019-20,NOP,MIA,109.66,110.81,107.48,106.6,99.91,94.64,4,1,0.529,0.106,1
2016-17,MIL,NOP,120.77,112.54,112.64,113.41,100.63,101.31,3,1,0.483,0.438,1
2021-22,OKC,MIL,110.43,108.23,108.01,110.42,97.76,100.71,2,1,0.716,0.629,0
2021-22,NOP,LAC,113.68,109.62,115.08,110.78,97.1,98.94,2,3,0.633,0.752,1
2023-24,GSW,TOR,108.53,108.37,111.63,114.9,100.08,98.67,2,2,0.44,0.23,1
2018-19,MIN,OKC,113.36,116.51,115.97,109.03,100.88,98.7,2,1,0.547,0.378,1
2017-18,MIL,DAL,108.63,110.39,111.48,109.89,98.44,98.75,3,1,0.754,0.477,1
2018-19,MIN,SAC,112.19,112.08,113.99,113.48,99.28,99.48,1,1,0.56,0.36,1
2019-20,MIA,MEM,105.64,111.0,110.2,113.56,96.5,103.58,2,4,0.743,0.45,0
2020-21,BKN,NOP,111.68,118.37,112.6,115.01,102.53,101.93,1,3,0.5,0.591,1
2016-17,MIA,PHI,111.79,109.17,111.44,110.0,95.0,97.92,2,3,0.672,0.623,0
2018-19,PHI,LAC,110.96,108.18,111.47,113.09,98.85,97.21,2,4,0.704,0.515,0
2015-16,IND,DEN,108.61,114.79,117.46,108.44,99.6,98.7,2,1,0.467,0.672,0
2022-23,NOP,CHI,113.4,113.66,107.7,112.51,98.97,95.52,2,2,0.417,0.265,1
2017-18,BOS,NYK,115.05,105.59,109.21,111.12,97.94,93.31,2,4,0.847,0.604,1
2019-20,LAL,MEM,107.97,115.66,112.52,113.3,98.03,101.51,3,2,0.454,0.596,1
2014-15,MEM,NOP,114.26,113.84,112.34,110.41,101.13,102.63,3,3,0.279,0.422,0
2023-24,LAL,OKC,112.23,113.04,112.58,107.29,101.13,98.02,2,3,0.66,0.36,0
2020-21,OKC,LAL,115.52,109.18,112.21,114.0,99.36,99.26,2,3,0.719,0.635,1
2015-16,BOS,NYK,114.62,105.16,110.49,112.04,96.25,96.37,3,3,0.991,0.536,1
2014-15,CHI,MEM,111.34,111.08,114.42,111.87,98.01,102.44,3,4,0.783,0.567,1
2016-17,LAL,IND,110.48,111.7,113.44,114.27,98.16,101.68,3,2,0.695,0.244,0
2017-18,DAL,NYK,114.47,111.42,108.58,109.46,98.86,93.98,2,2,0.528,0.34,0
2016-17,IND,DAL,108.63,115.24,110.5,113.6,99.38,95.52,2,2,0.197,0.594,1
2015-16,TOR,LAL,107.85,112.15,109.97,110.58,98.19,101.0,1,3,0.584,0.325,0
2022-23,NYK,LAL,111.73,113.36,111.69,109.56,95.42,96.52,3,4,0.577,0.289,1
2020-21,OKC,NYK,116.12,107.02,104.28,106.4,97.95,96.34,3,3,0.712,0.482,1
2020-21,TOR,PHI,108.84,109.66,109.8,110.17,98.81,97.67,3,2,0.121,0.43,1
2014-15,PHX,GSW,113.16,109.77,113.84,106.87,98.39,100.92,1,2,0.461,0.667,1
2017-18,CLE,BOS,108.55,109.99,116.15,106.36,98.94,98.04,4,3,0.556,0.692,0
2021-22,GSW,BOS,114.47,109.82,112.56,108.97,99.38,97.67,3,4,0.38,0.504,0
2023-24,MIL,PHI,110.58,107.33,110.66,107.88,99.63,99.12,2,3,0.25,0.471,1
2016-17,MIN,NOP,111.73,113.78,111.84,113.87,102.43,99.95,3,2,0.581,0.408,1
2019-20,NYK,BKN,108.93,110.12,114.17,112.8,97.13,100.27,4,4,0.775,0.336,0
2023-24,BKN,DEN,113.24,112.12,112.29,109.3,99.83,97.55,1,2,0.361,0.504,1
2020-21,NYK,TOR,109.06,106.17,106.12,109.77,97.29,99.46,1,2,0.273,0.593,0
2015-16,SAC,GSW,114.67,113.95,114.98,107.59,98.67,101.2,1,3,0.688,0.833,0
2018-19,DEN,BOS,115.65,113.4,111.84,109.62,100.23,96.03,3,2,0.601,0.625,1
2020-21,LAL,PHI,110.39,113.99,111.68,109.06,99.67,98.46,1,5,0.622,0.74,0
2020-21,MEM,LAL,113.57,104.93,113.22,110.69,97.93,97.38,2,1,0.698,0.577,1
2014-15,CLE,SAC,110.56,108.9,108.78,113.29,97.73,101.62,1,3,0.374,0.082,1
2015-16,NYK,OKC,109.95,111.28,116.57,108.57,96.79,97.98,3,2,0.29,0.59,0
2020-21,TOR,NYK,107.99,109.04,103.95,105.51,97.89,96.65,3,3,0.469,0.379,1
2014-15,DAL,LAL,113.64,112.18,115.72,113.88,97.16,100.26,3,3,0.618,0.29,1
2023-24,CHI,SAC,111.81,114.58,112.34,117.4,98.97,98.47,1,1,0.569,0.546,1
2022-23,BKN,DAL,108.86,115.2,109.01,115.42,100.01,95.33,2,2,0.603,0.74,1
2022-23,TOR,NYK,111.03,107.92,113.46,111.99,97.92,94.7,3,3,0.136,0.515,1
2017-18,OKC,MEM,111.81,110.27,110.18,107.86,97.09,101.7,2,4,0.334,0.76,1
2015-16,BOS,CLE,111.38,101.62,108.44,109.42,95.39,96.5,3,1,0.772,0.599,1
2018-19,OKC,NOP,117.38,111.71,111.24,110.78,99.51,99.94,4,3,0.502,0.372,1
2017-18,IND,MIN,106.68,113.92,106.62,111.18,100.43,98.63,3,2,0.515,0.348,1
2015-16,CLE,DAL,110.42,108.65,115.06,111.13,98.29,95.87,2,1,0.402,0.669,1
2014-15,PHX,BOS,110.18,108.11,113.72,104.97,100.45,95.59,2,2,0.456,1.0,1
2016-17,GSW,NYK,115.56,107.3,110.97,110.45,97.43,94.63,1,4,1.0,0.6,1
2022-23,NOP,PHI,109.2,115.94,107.16,110.81,98.2,96.9,2,2,0.398,0.679,1
2019-20,SAC,MIN,109.11,113.03,113.66,111.5,99.24,100.33,3,1,0.441,0.805,0
2020-21,TOR,PHX,111.55,112.38,111.0,112.96,99.48,97.87,3,3,0.223,0.57,1
2022-23,LAC,DEN,111.91,112.87,115.49,110.34,99.62,94.3,3,2,0.594,0.532,1
2019-20,MIL,OKC,112.15,107.74,114.46,109.27,99.78,95.58,2,2,0.749,0.68,1
2022-23,CLE,MEM,116.16,110.25,107.84,107.06,94.37,102.03,5,2,0.777,0.614,1
2022-23,ATL,IND,109.67,111.04,110.36,112.12,103.86,100.07,2,3,0.664,0.606,1
2018-19,DEN,IND,116.12,112.44,112.37,107.75,99.29,100.43,2,4,0.757,0.402,0
2015-16,BOS,PHX,116.16,102.68,115.17,110.0,95.43,98.27,3,3,0.637,0.807,1
2022-23,CLE,BKN,114.5,103.46,116.24,113.12,90.81,98.54,1,3,0.613,0.36,1
2022-23,MIN,LAL,115.12,108.82,109.83,108.92,100.27,98.26,2,3,0.648,0.303,1
2018-19,IND,CLE,112.24,115.68,113.29,107.32,99.15,96.19,4,2,0.401,0.747,0
2016-17,MIN,MEM,113.08,112.26,115.06,110.77,101.31,99.36,5,4,0.607,0.558,1
2015-16,PHI,LAL,110.42,109.82,112.5,112.01,97.2,99.03,3,3,0.571,0.481,1
2023-24,LAL,ATL,115.34,110.63,110.8,108.31,101.7,100.66,2,2,0.576,0.466,0
2023-24,TOR,IND,110.41,110.92,108.11,112.5,99.32,103.06,2,1,0.625,0.153,1
2019-20,OKC,PHX,117.66,108.12,113.49,105.34,96.55,99.92,2,5,0.749,0.497,0
2017-18,PHI,NYK,108.6,110.61,109.74,106.13,95.0,91.94,1,2,0.306,0.646,0
2015-16,PHI,BOS,106.87,107.81,116.3,105.85,96.97,95.79,5,1,0.354,0.589,0
2021-22,MEM,NOP,108.94,109.13,114.53,113.07,99.06,99.08,3,3,0.32,0.498,1
2015-16,MIN,CLE,116.16,108.46,108.73,108.57,100.72,99.09,3,3,0.726,0.608,1
2019-20,NOP,GSW,112.8,112.1,116.37,111.96,96.93,101.72,2,2,0.435,0.775,1
2016-17,CLE,PHX,109.0,114.52,111.57,105.45,95.47,101.19,3,2,0.537,0.663,1
2021-22,CHI,BKN,109.97,107.85,111.11,112.17,95.85,98.95,4,3,0.592,0.597,0
2020-21,TOR,SAC,108.85,112.72,115.06,116.0,99.69,103.49,3,3,0.469,0.664,0
2022-23,PHX,TOR,109.91,107.16,109.92,109.87,100.9,98.88,1,4,0.589,0.346,0
2014-15,OKC,ATL,111.12,109.36,108.91,112.24,99.58,100.83,4,3,0.626,0.516,1
2018-19,ATL,MEM,111.84,112.65,113.32,110.94,103.43,101.54,1,3,0.612,0.278,1
2017-18,MIN,DEN,110.1,112.07,117.84,111.42,99.01,95.86,1,4,0.676,0.74,0
2022-23,MEM,LAL,107.55,108.81,108.43,110.0,103.22,97.78,4,3,0.59,0.389,0
2014-15,DAL,TOR,111.64,111.13,110.08,112.62,98.27,98.86,2,1,0.189,0.584,1
2014-15,NYK,MIN,111.12,111.08,113.02,111.99,95.96,99.33,3,3,0.699,0.278,1
2014-15,MEM,IND,111.41,110.79,112.5,115.43,100.6,102.09,2,4,0.336,0.559,0
2019-20,BOS,NOP,111.35,109.27,111.42,112.74,96.85,100.39,4,3,0.666,0.501,1
2019-20,MEM,PHX,116.34,108.13,113.43,106.12,101.81,99.61,1,3,0.635,0.716,0
2015-16,SAC,MIL,116.65,110.94,110.81,108.57,100.13,99.57,4,3,0.705,0.785,1
2015-16,LAL,BKN,113.35,106.97,113.51,113.74,97.57,99.84,2,3,0.361,0.692,1
2017-18,ATL,MIN,113.57,117.74,114.39,111.94,100.21,95.86,4,2,0.769,0.598,0
2019-20,MIL,BKN,114.59,107.71,113.1,112.31,100.04,101.41,1,4,0.734,0.529,0
2015-16,BOS,MIN,117.56,103.56,114.97,106.84,98.33,101.26,3,2,0.566,0.787,1
2021-22,CHI,MIA,109.81,109.15,109.35,109.96,95.25,95.94,1,2,0.712,0.495,1
2019-20,MIN,CHI,113.93,112.05,108.79,107.85,101.69,96.87,4,3,0.622,0.447,1
2022-23,GSW,DAL,115.44,106.39,112.5,114.16,98.87,96.17,3,1,0.889,0.36,1
2019-20,IND,PHX,109.96,114.26,113.8,105.02,101.05,98.67,3,1,0.206,0.412,0
2014-15,PHI,SAC,112.73,114.16,114.42,112.48,99.22,102.13,4,1,0.733,0.414,1
2021-22,GSW,LAL,114.53,112.26,111.6,108.27,98.55,99.94,2,2,0.526,0.555,0
2023-24,CLE,LAL,109.29,104.69,115.08,112.24,96.09,96.6,2,5,0.664,0.728,1
2020-21,CLE,MIN,112.38,110.36,109.08,111.2,95.64,103.81,2,2,0.711,0.444,1
2016-17,MIA,IND,110.57,106.38,111.78,111.59,95.72,99.91,3,4,0.829,0.324,1
2019-20,PHX,SAC,112.62,107.04,110.5,116.95,100.58,97.66,3,2,0.568,0.0,1
2016-17,MEM,ATL,110.68,108.9,111.96,110.23,100.9,99.92,3,3,0.584,0.67,1
2015-16,BKN,OKC,115.87,111.25,111.46,109.08,99.03,96.87,3,1,0.552,0.43,0
2023-24,DEN,ATL,112.72,111.59,113.1,113.07,98.77,100.22,4,3,0.496,0.394,1
2015-16,CHI,BKN,109.14,113.6,111.57,109.4,98.62,98.24,3,2,0.185,0.559,1
2019-20,ATL,MEM,105.56,111.93,115.48,110.24,102.71,101.23,4,2,0.382,0.288,0
2017-18,MIN,MIL,108.66,111.61,114.64,109.88,98.58,98.0,2,2,0.236,0.9,0
2017-18,IND,LAL,108.01,116.7,110.56,113.2,100.28,98.89,3,3,0.275,0.63,1
2021-22,LAC,ATL,116.71,108.97,107.47,111.23,98.91,103.45,2,3,0.603,0.547,1
2015-16,SAC,ATL,115.59,106.98,109.4,115.45,100.83,102.06,3,3,0.803,0.453,1
2018-19,TOR,LAC,113.15,112.46,109.42,113.33,98.74,98.53,1,2,0.326,0.566,1
2023-24,PHX,DAL,107.16,112.94,112.05,107.98,100.69,98.26,4,3,0.664,0.547,0
2014-15,IND,NOP,109.21,115.0,115.5,112.37,100.38,102.26,3,3,0.587,0.404,1
2022-23,MEM,MIN,110.01,113.88,114.72,109.81,103.55,100.31,1,3,0.251,0.558,0
2018-19,TOR,NOP,113.44,110.5,111.43,116.13,98.6,99.94,5,2,0.522,0.599,1
2021-22,LAL,BKN,112.09,110.53,114.32,111.92,101.06,98.55,5,5,0.524,0.3,1
2020-21,CHI,DEN,112.31,110.58,115.15,114.49,97.77,101.22,2,2,0.571,0.648,0
2022-23,LAL,MIA,109.73,111.16,114.69,108.14,100.39,93.62,2,4,0.685,0.614,0
2015-16,DAL,TOR,110.71,115.85,108.9,111.05,96.4,98.03,1,2,0.6,0.68,1
2019-20,NOP,MIL,112.24,111.66,113.36,110.61,98.35,101.37,2,3,0.162,0.692,0
2019-20,MEM,BOS,115.6,109.3,109.61,105.86,102.72,93.94,3,2,0.887,0.876,1
2023-24,MIN,BKN,110.64,114.45,112.59,111.89,100.2,99.87,4,1,0.314,0.781,0
2015-16,GSW,DEN,111.75,109.67,115.3,111.75,99.14,97.79,1,1,0.888,0.83,1
2018-19,GSW,MIL,115.82,111.33,111.25,111.05,100.18,98.8,3,3,0.538,0.759,0
2023-24,CHI,LAL,109.24,107.64,107.57,112.06,96.63,98.74,1,4,0.37,0.707,0
2021-22,NOP,SAC,114.12,109.85,113.24,117.3,97.74,98.76,4,4,0.595,0.31,1
2015-16,TOR,MIN,111.17,112.56,112.67,108.87,97.5,99.82,3,2,0.515,0.717,0
2019-20,BKN,PHX,113.78,110.27,115.74,103.93,99.39,99.09,4,3,0.554,0.447,0
2023-24,IND,GSW,113.34,112.54,112.71,108.94,102.86,100.4,2,4,0.601,0.61,1
2014-15,ATL,DEN,111.33,114.44,116.06,112.54,103.1,99.07,1,4,0.283,0.336,1
2023-24,IND,MIN,110.85,112.05,111.44,111.03,99.94,99.24,2,2,0.379,0.727,0
2017-18,MIL,MEM,114.35,111.99,112.95,104.78,98.79,100.75,3,2,0.506,0.52,1
2017-18,LAC,CHI,109.89,111.37,108.02,116.13,99.66,98.74,1,1,0.701,0.472,1
2020-21,LAC,BKN,108.18,109.07,113.72,110.78,96.53,100.17,1,1,0.781,0.463,0
2014-15,DEN,MIL,116.01,114.2,114.72,109.62,99.34,99.56,3,2,0.546,0.598,1
2015-16,ATL,CHI,105.75,114.46,111.53,116.22,102.58,98.05,3,3,0.488,0.241,0
2022-23,GSW,NOP,109.95,105.39,110.7,116.81,99.88,101.44,2,1,0.85,0.517,0
2016-17,MIN,NOP,114.41,113.83,111.27,115.73,99.85,101.31,3,4,0.478,0.158,1
2016-17,MIN,GSW,113.37,115.33,115.55,107.97,101.63,97.62,1,3,0.475,0.608,1
2023-24,DEN,NOP,113.94,113.95,115.59,113.12,99.82,100.08,3,2,0.9,0.297,1
2014-15,DAL,GSW,111.89,111.94,116.09,109.18,98.12,101.22,3,5,0.551,0.65,0
2021-22,NOP,IND,112.22,109.07,114.15,116.49,98.79,99.22,4,1,0.791,0.308,1
2014-15,LAC,TOR,110.11,108.88,111.83,107.75,98.02,99.45,3,3,0.549,0.43,0
2014-15,ATL,NYK,109.38,113.77,107.37,112.29,100.95,95.89,3,1,0.376,0.526,1
2022-23,SAC,TOR,116.85,113.01,113.29,111.35,99.8,99.03,4,4,0.442,0.449,1
2016-17,CHI,DAL,112.08,111.95,114.66,110.3,100.72,97.7,5,4,0.506,0.67,1
2019-20,MIL,CHI,115.73,107.76,109.04,110.07,101.6,95.29,2,4,0.786,0.594,1
2018-19,MIL,MEM,114.8,113.39,113.18,107.41,98.14,99.44,4,3,0.934,0.628,0
2014-15,MEM,BOS,112.96,107.6,114.96,103.08,101.23,95.44,2,2,0.459,0.688,1
2014-15,CLE,OKC,111.45,110.83,115.22,113.58,98.53,99.72,2,4,0.503,0.586,1
2020-21,IND,BOS,113.74,117.51,111.56,110.05,98.1,101.25,3,3,0.419,0.826,0
2019-20,ATL,DEN,108.16,107.71,114.7,109.47,102.68,99.19,3,3,0.468,0.558,0
2019-20,CHI,TOR,112.17,109.01,108.99,112.1,96.42,98.97,1,2,0.621,0.531,1
2015-16,MEM,SAC,112.53,106.88,113.9,112.02,99.67,100.0,2,4,0.655,0.822,0
2016-17,PHX,MIA,115.52,110.8,106.78,113.03,99.04,95.12,2,5,0.717,0.365,1
2021-22,LAL,NYK,111.59,110.07,108.54,109.43,99.42,96.6,2,3,0.595,0.389,1
2020-21,NOP,MIN,112.72,112.17,107.34,112.29,100.31,103.4,1,4,0.98,0.302,0
2020-21,ATL,GSW,112.37,110.95,113.47,106.02,105.26,100.23,5,1,0.587,0.993,0
2018-19,BOS,GSW,115.15,109.78,113.72,112.89,96.28,100.34,1,1,0.55,0.714,1
2023-24,MIN,MIL,112.66,112.44,110.47,113.1,100.65,98.63,2,4,0.564,0.447,0
2014-15,CLE,NYK,111.32,110.43,109.13,108.98,97.81,93.49,3,2,0.542,0.521,0
2019-20,BKN,GSW,115.2,112.69,116.87,110.69,97.84,101.76,4,2,0.391,0.567,1
2015-16,MIN,ATL,114.63,107.15,106.49,113.84,98.74,100.39,2,1,0.974,0.533,1
2023-24,ATL,SAC,115.7,108.53,112.03,115.02,100.52,97.28,5,3,0.607,0.534,1
2022-23,LAC,CLE,108.1,110.14,117.07,106.31,99.43,94.14,3,2,0.559,0.659,0
2022-23,ATL,NYK,112.71,112.16,110.14,111.69,104.47,94.24,3,3,0.534,0.569,0
2017-18,CLE,LAL,110.05,112.32,113.09,119.62,97.47,99.2,5,5,0.6,0.38,1
2019-20,NOP,BKN,108.66,112.18,116.25,111.57,98.59,100.95,3,2,0.418,0.717,0
2021-22,BKN,DAL,114.0,111.76,114.3,117.08,100.56,96.94,3,1,0.711,0.37,1
